<annotation>
	<folder>JPEGImages</folder>
	<filename>000019.jpg</filename>
	<path>/home/zbr/VOCdevkit/VOC2007/JPEGImages/000019.jpg</path>
	<source>
		<database>Unknown</database>
	</source>
	<size>
		<width>416</width>
		<height>416</height>
		<depth>3</depth>
	</size>
	<segmented>0</segmented>
	<object>
		<name>plastic-bag</name>
		<pose>Unspecified</pose>
		<truncated>0</truncated>
		<difficult>0</difficult>
		<bndbox>
			<xmin>142</xmin>
			<ymin>68</ymin>
			<xmax>170</xmax>
			<ymax>145</ymax>
		</bndbox>
	</object>
	<object>
		<name>milk-box</name>
		<pose>Unspecified</pose>
		<truncated>0</truncated>
		<difficult>0</difficult>
		<bndbox>
			<xmin>140</xmin>
			<ymin>163</ymin>
			<xmax>157</xmax>
			<ymax>210</ymax>
		</bndbox>
	</object>
</annotation>