<annotation>
	<folder>JPEGImages</folder>
	<filename>000183.jpg</filename>
	<path>/home/zbr/VOCdevkit/VOC2007/JPEGImages/000183.jpg</path>
	<source>
		<database>Unknown</database>
	</source>
	<size>
		<width>416</width>
		<height>416</height>
		<depth>3</depth>
	</size>
	<segmented>0</segmented>
	<object>
		<name>bottle</name>
		<pose>Unspecified</pose>
		<truncated>0</truncated>
		<difficult>0</difficult>
		<bndbox>
			<xmin>90</xmin>
			<ymin>153</ymin>
			<xmax>112</xmax>
			<ymax>203</ymax>
		</bndbox>
	</object>
	<object>
		<name>ball</name>
		<pose>Unspecified</pose>
		<truncated>1</truncated>
		<difficult>0</difficult>
		<bndbox>
			<xmin>189</xmin>
			<ymin>53</ymin>
			<xmax>224</xmax>
			<ymax>112</ymax>
		</bndbox>
	</object>
</annotation>