<annotation>
	<folder>JPEGImages</folder>
	<filename>000197.jpg</filename>
	<path>/home/zbr/VOCdevkit/VOC2007/JPEGImages/000197.jpg</path>
	<source>
		<database>Unknown</database>
	</source>
	<size>
		<width>416</width>
		<height>416</height>
		<depth>3</depth>
	</size>
	<segmented>0</segmented>
	<object>
		<name>ball</name>
		<pose>Unspecified</pose>
		<truncated>1</truncated>
		<difficult>0</difficult>
		<bndbox>
			<xmin>44</xmin>
			<ymin>180</ymin>
			<xmax>75</xmax>
			<ymax>224</ymax>
		</bndbox>
	</object>
	<object>
		<name>bottle</name>
		<pose>Unspecified</pose>
		<truncated>0</truncated>
		<difficult>0</difficult>
		<bndbox>
			<xmin>119</xmin>
			<ymin>139</ymin>
			<xmax>135</xmax>
			<ymax>191</ymax>
		</bndbox>
	</object>
	<object>
		<name>branch</name>
		<pose>Unspecified</pose>
		<truncated>0</truncated>
		<difficult>0</difficult>
		<bndbox>
			<xmin>134</xmin>
			<ymin>11</ymin>
			<xmax>165</xmax>
			<ymax>51</ymax>
		</bndbox>
	</object>
</annotation>