<annotation>
	<folder>JPEGImages</folder>
	<filename>000182.jpg</filename>
	<path>/home/zbr/VOCdevkit/VOC2007/JPEGImages/000182.jpg</path>
	<source>
		<database>Unknown</database>
	</source>
	<size>
		<width>416</width>
		<height>416</height>
		<depth>3</depth>
	</size>
	<segmented>0</segmented>
	<object>
		<name>bottle</name>
		<pose>Unspecified</pose>
		<truncated>0</truncated>
		<difficult>0</difficult>
		<bndbox>
			<xmin>113</xmin>
			<ymin>153</ymin>
			<xmax>133</xmax>
			<ymax>205</ymax>
		</bndbox>
	</object>
	<object>
		<name>ball</name>
		<pose>Unspecified</pose>
		<truncated>0</truncated>
		<difficult>0</difficult>
		<bndbox>
			<xmin>1</xmin>
			<ymin>51</ymin>
			<xmax>36</xmax>
			<ymax>115</ymax>
		</bndbox>
	</object>
</annotation>