<annotation>
	<folder>JPEGImages</folder>
	<filename>000155.jpg</filename>
	<path>/home/zbr/VOCdevkit/VOC2007/JPEGImages/000155.jpg</path>
	<source>
		<database>Unknown</database>
	</source>
	<size>
		<width>416</width>
		<height>416</height>
		<depth>3</depth>
	</size>
	<segmented>0</segmented>
	<object>
		<name>ball</name>
		<pose>Unspecified</pose>
		<truncated>0</truncated>
		<difficult>0</difficult>
		<bndbox>
			<xmin>10</xmin>
			<ymin>114</ymin>
			<xmax>50</xmax>
			<ymax>172</ymax>
		</bndbox>
	</object>
	<object>
		<name>plastic-bag</name>
		<pose>Unspecified</pose>
		<truncated>0</truncated>
		<difficult>0</difficult>
		<bndbox>
			<xmin>73</xmin>
			<ymin>114</ymin>
			<xmax>107</xmax>
			<ymax>155</ymax>
		</bndbox>
	</object>
	<object>
		<name>bottle</name>
		<pose>Unspecified</pose>
		<truncated>0</truncated>
		<difficult>0</difficult>
		<bndbox>
			<xmin>47</xmin>
			<ymin>1</ymin>
			<xmax>75</xmax>
			<ymax>52</ymax>
		</bndbox>
	</object>
</annotation>