<annotation>
	<folder>JPEGImages</folder>
	<filename>000154.jpg</filename>
	<path>/home/zbr/VOCdevkit/VOC2007/JPEGImages/000154.jpg</path>
	<source>
		<database>Unknown</database>
	</source>
	<size>
		<width>416</width>
		<height>416</height>
		<depth>3</depth>
	</size>
	<segmented>0</segmented>
	<object>
		<name>ball</name>
		<pose>Unspecified</pose>
		<truncated>0</truncated>
		<difficult>0</difficult>
		<bndbox>
			<xmin>9</xmin>
			<ymin>51</ymin>
			<xmax>51</xmax>
			<ymax>110</ymax>
		</bndbox>
	</object>
	<object>
		<name>plastic-bag</name>
		<pose>Unspecified</pose>
		<truncated>0</truncated>
		<difficult>0</difficult>
		<bndbox>
			<xmin>73</xmin>
			<ymin>70</ymin>
			<xmax>106</xmax>
			<ymax>111</ymax>
		</bndbox>
	</object>
</annotation>