<annotation>
	<folder>JPEGImages</folder>
	<filename>000193.jpg</filename>
	<path>/home/zbr/VOCdevkit/VOC2007/JPEGImages/000193.jpg</path>
	<source>
		<database>Unknown</database>
	</source>
	<size>
		<width>416</width>
		<height>416</height>
		<depth>3</depth>
	</size>
	<segmented>0</segmented>
	<object>
		<name>plastic-bag</name>
		<pose>Unspecified</pose>
		<truncated>0</truncated>
		<difficult>0</difficult>
		<bndbox>
			<xmin>96</xmin>
			<ymin>148</ymin>
			<xmax>116</xmax>
			<ymax>176</ymax>
		</bndbox>
	</object>
	<object>
		<name>branch</name>
		<pose>Unspecified</pose>
		<truncated>0</truncated>
		<difficult>0</difficult>
		<bndbox>
			<xmin>155</xmin>
			<ymin>54</ymin>
			<xmax>196</xmax>
			<ymax>66</ymax>
		</bndbox>
	</object>
</annotation>