<annotation>
	<folder>JPEGImages</folder>
	<filename>000153.jpg</filename>
	<path>/home/zbr/VOCdevkit/VOC2007/JPEGImages/000153.jpg</path>
	<source>
		<database>Unknown</database>
	</source>
	<size>
		<width>416</width>
		<height>416</height>
		<depth>3</depth>
	</size>
	<segmented>0</segmented>
	<object>
		<name>branch</name>
		<pose>Unspecified</pose>
		<truncated>1</truncated>
		<difficult>0</difficult>
		<bndbox>
			<xmin>197</xmin>
			<ymin>97</ymin>
			<xmax>224</xmax>
			<ymax>110</ymax>
		</bndbox>
	</object>
	<object>
		<name>grass</name>
		<pose>Unspecified</pose>
		<truncated>0</truncated>
		<difficult>0</difficult>
		<bndbox>
			<xmin>1</xmin>
			<ymin>120</ymin>
			<xmax>60</xmax>
			<ymax>161</ymax>
		</bndbox>
	</object>
</annotation>