<annotation>
	<folder>JPEGImages</folder>
	<filename>000169.jpg</filename>
	<path>/home/zbr/VOCdevkit/VOC2007/JPEGImages/000169.jpg</path>
	<source>
		<database>Unknown</database>
	</source>
	<size>
		<width>416</width>
		<height>416</height>
		<depth>3</depth>
	</size>
	<segmented>0</segmented>
	<object>
		<name>bottle</name>
		<pose>Unspecified</pose>
		<truncated>1</truncated>
		<difficult>0</difficult>
		<bndbox>
			<xmin>100</xmin>
			<ymin>144</ymin>
			<xmax>131</xmax>
			<ymax>224</ymax>
		</bndbox>
	</object>
	<object>
		<name>ball</name>
		<pose>Unspecified</pose>
		<truncated>0</truncated>
		<difficult>0</difficult>
		<bndbox>
			<xmin>122</xmin>
			<ymin>28</ymin>
			<xmax>158</xmax>
			<ymax>77</ymax>
		</bndbox>
	</object>
</annotation>