<annotation>
	<folder>JPEGImages</folder>
	<filename>000187.jpg</filename>
	<path>/home/zbr/VOCdevkit/VOC2007/JPEGImages/000187.jpg</path>
	<source>
		<database>Unknown</database>
	</source>
	<size>
		<width>416</width>
		<height>416</height>
		<depth>3</depth>
	</size>
	<segmented>0</segmented>
	<object>
		<name>branch</name>
		<pose>Unspecified</pose>
		<truncated>0</truncated>
		<difficult>0</difficult>
		<bndbox>
			<xmin>5</xmin>
			<ymin>204</ymin>
			<xmax>52</xmax>
			<ymax>221</ymax>
		</bndbox>
	</object>
	<object>
		<name>grass</name>
		<pose>Unspecified</pose>
		<truncated>1</truncated>
		<difficult>0</difficult>
		<bndbox>
			<xmin>0</xmin>
			<ymin>140</ymin>
			<xmax>27</xmax>
			<ymax>196</ymax>
		</bndbox>
	</object>
</annotation>