<annotation>
	<folder>JPEGImages</folder>
	<filename>000225.jpg</filename>
	<path>/home/zbr/VOCdevkit/VOC2007/JPEGImages/000225.jpg</path>
	<source>
		<database>Unknown</database>
	</source>
	<size>
		<width>416</width>
		<height>416</height>
		<depth>3</depth>
	</size>
	<segmented>0</segmented>
	<object>
		<name>grass</name>
		<pose>Unspecified</pose>
		<truncated>0</truncated>
		<difficult>0</difficult>
		<bndbox>
			<xmin>87</xmin>
			<ymin>47</ymin>
			<xmax>125</xmax>
			<ymax>106</ymax>
		</bndbox>
	</object>
	<object>
		<name>branch</name>
		<pose>Unspecified</pose>
		<truncated>0</truncated>
		<difficult>0</difficult>
		<bndbox>
			<xmin>139</xmin>
			<ymin>150</ymin>
			<xmax>161</xmax>
			<ymax>222</ymax>
		</bndbox>
	</object>
	<object>
		<name>branch</name>
		<pose>Unspecified</pose>
		<truncated>1</truncated>
		<difficult>0</difficult>
		<bndbox>
			<xmin>169</xmin>
			<ymin>167</ymin>
			<xmax>186</xmax>
			<ymax>224</ymax>
		</bndbox>
	</object>
</annotation>