<annotation>
	<folder>JPEGImages</folder>
	<filename>000394.jpg</filename>
	<path>/home/zbr/VOCdevkit/VOC2007/JPEGImages/000394.jpg</path>
	<source>
		<database>Unknown</database>
	</source>
	<size>
		<width>416</width>
		<height>416</height>
		<depth>3</depth>
	</size>
	<segmented>0</segmented>
	<object>
		<name>ball</name>
		<pose>Unspecified</pose>
		<truncated>0</truncated>
		<difficult>0</difficult>
		<bndbox>
			<xmin>109</xmin>
			<ymin>46</ymin>
			<xmax>132</xmax>
			<ymax>76</ymax>
		</bndbox>
	</object>
	<object>
		<name>plastic-bag</name>
		<pose>Unspecified</pose>
		<truncated>0</truncated>
		<difficult>0</difficult>
		<bndbox>
			<xmin>116</xmin>
			<ymin>175</ymin>
			<xmax>143</xmax>
			<ymax>218</ymax>
		</bndbox>
	</object>
</annotation>