<annotation>
	<folder>JPEGImages</folder>
	<filename>000396.jpg</filename>
	<path>/home/zbr/VOCdevkit/VOC2007/JPEGImages/000396.jpg</path>
	<source>
		<database>Unknown</database>
	</source>
	<size>
		<width>416</width>
		<height>416</height>
		<depth>3</depth>
	</size>
	<segmented>0</segmented>
	<object>
		<name>plastic-bag</name>
		<pose>Unspecified</pose>
		<truncated>0</truncated>
		<difficult>0</difficult>
		<bndbox>
			<xmin>84</xmin>
			<ymin>10</ymin>
			<xmax>107</xmax>
			<ymax>45</ymax>
		</bndbox>
	</object>
	<object>
		<name>ball</name>
		<pose>Unspecified</pose>
		<truncated>0</truncated>
		<difficult>0</difficult>
		<bndbox>
			<xmin>91</xmin>
			<ymin>147</ymin>
			<xmax>112</xmax>
			<ymax>176</ymax>
		</bndbox>
	</object>
</annotation>