<annotation>
	<folder>JPEGImages</folder>
	<filename>000353.jpg</filename>
	<path>/home/zbr/VOCdevkit/VOC2007/JPEGImages/000353.jpg</path>
	<source>
		<database>Unknown</database>
	</source>
	<size>
		<width>416</width>
		<height>416</height>
		<depth>3</depth>
	</size>
	<segmented>0</segmented>
	<object>
		<name>milk-box</name>
		<pose>Unspecified</pose>
		<truncated>0</truncated>
		<difficult>0</difficult>
		<bndbox>
			<xmin>30</xmin>
			<ymin>22</ymin>
			<xmax>53</xmax>
			<ymax>44</ymax>
		</bndbox>
	</object>
	<object>
		<name>plastic-garbage</name>
		<pose>Unspecified</pose>
		<truncated>0</truncated>
		<difficult>0</difficult>
		<bndbox>
			<xmin>39</xmin>
			<ymin>79</ymin>
			<xmax>60</xmax>
			<ymax>112</ymax>
		</bndbox>
	</object>
</annotation>