<annotation>
	<folder>JPEGImages</folder>
	<filename>000580.jpg</filename>
	<path>/home/zbr/VOCdevkit/VOC2007/JPEGImages/000580.jpg</path>
	<source>
		<database>Unknown</database>
	</source>
	<size>
		<width>416</width>
		<height>416</height>
		<depth>3</depth>
	</size>
	<segmented>0</segmented>
	<object>
		<name>bottle</name>
		<pose>Unspecified</pose>
		<truncated>0</truncated>
		<difficult>0</difficult>
		<bndbox>
			<xmin>142</xmin>
			<ymin>170</ymin>
			<xmax>166</xmax>
			<ymax>199</ymax>
		</bndbox>
	</object>
	<object>
		<name>ball</name>
		<pose>Unspecified</pose>
		<truncated>0</truncated>
		<difficult>0</difficult>
		<bndbox>
			<xmin>61</xmin>
			<ymin>136</ymin>
			<xmax>80</xmax>
			<ymax>166</ymax>
		</bndbox>
	</object>
	<object>
		<name>milk-box</name>
		<pose>Unspecified</pose>
		<truncated>0</truncated>
		<difficult>0</difficult>
		<bndbox>
			<xmin>68</xmin>
			<ymin>37</ymin>
			<xmax>84</xmax>
			<ymax>63</ymax>
		</bndbox>
	</object>
</annotation>