<annotation>
	<folder>JPEGImages</folder>
	<filename>000554.jpg</filename>
	<path>/home/zbr/VOCdevkit/VOC2007/JPEGImages/000554.jpg</path>
	<source>
		<database>Unknown</database>
	</source>
	<size>
		<width>416</width>
		<height>416</height>
		<depth>3</depth>
	</size>
	<segmented>0</segmented>
	<object>
		<name>plastic-garbage</name>
		<pose>Unspecified</pose>
		<truncated>0</truncated>
		<difficult>0</difficult>
		<bndbox>
			<xmin>141</xmin>
			<ymin>119</ymin>
			<xmax>165</xmax>
			<ymax>162</ymax>
		</bndbox>
	</object>
	<object>
		<name>branch</name>
		<pose>Unspecified</pose>
		<truncated>0</truncated>
		<difficult>0</difficult>
		<bndbox>
			<xmin>3</xmin>
			<ymin>141</ymin>
			<xmax>68</xmax>
			<ymax>220</ymax>
		</bndbox>
	</object>
</annotation>