<annotation>
	<folder>JPEGImages</folder>
	<filename>000581.jpg</filename>
	<path>/home/zbr/VOCdevkit/VOC2007/JPEGImages/000581.jpg</path>
	<source>
		<database>Unknown</database>
	</source>
	<size>
		<width>416</width>
		<height>416</height>
		<depth>3</depth>
	</size>
	<segmented>0</segmented>
	<object>
		<name>plastic-garbage</name>
		<pose>Unspecified</pose>
		<truncated>0</truncated>
		<difficult>0</difficult>
		<bndbox>
			<xmin>130</xmin>
			<ymin>10</ymin>
			<xmax>152</xmax>
			<ymax>63</ymax>
		</bndbox>
	</object>
	<object>
		<name>branch</name>
		<pose>Unspecified</pose>
		<truncated>0</truncated>
		<difficult>0</difficult>
		<bndbox>
			<xmin>61</xmin>
			<ymin>72</ymin>
			<xmax>107</xmax>
			<ymax>100</ymax>
		</bndbox>
	</object>
</annotation>