<annotation>
	<folder>JPEGImages</folder>
	<filename>000545.jpg</filename>
	<path>/home/zbr/VOCdevkit/VOC2007/JPEGImages/000545.jpg</path>
	<source>
		<database>Unknown</database>
	</source>
	<size>
		<width>416</width>
		<height>416</height>
		<depth>3</depth>
	</size>
	<segmented>0</segmented>
	<object>
		<name>milk-box</name>
		<pose>Unspecified</pose>
		<truncated>1</truncated>
		<difficult>0</difficult>
		<bndbox>
			<xmin>121</xmin>
			<ymin>131</ymin>
			<xmax>177</xmax>
			<ymax>224</ymax>
		</bndbox>
	</object>
</annotation>