<annotation>
	<folder>JPEGImages</folder>
	<filename>000578.jpg</filename>
	<path>/home/zbr/VOCdevkit/VOC2007/JPEGImages/000578.jpg</path>
	<source>
		<database>Unknown</database>
	</source>
	<size>
		<width>416</width>
		<height>416</height>
		<depth>3</depth>
	</size>
	<segmented>0</segmented>
	<object>
		<name>bottle</name>
		<pose>Unspecified</pose>
		<truncated>0</truncated>
		<difficult>0</difficult>
		<bndbox>
			<xmin>63</xmin>
			<ymin>92</ymin>
			<xmax>89</xmax>
			<ymax>121</ymax>
		</bndbox>
	</object>
	<object>
		<name>ball</name>
		<pose>Unspecified</pose>
		<truncated>0</truncated>
		<difficult>0</difficult>
		<bndbox>
			<xmin>146</xmin>
			<ymin>128</ymin>
			<xmax>166</xmax>
			<ymax>166</ymax>
		</bndbox>
	</object>
</annotation>