<annotation>
	<folder>JPEGImages</folder>
	<filename>000582.jpg</filename>
	<path>/home/zbr/VOCdevkit/VOC2007/JPEGImages/000582.jpg</path>
	<source>
		<database>Unknown</database>
	</source>
	<size>
		<width>416</width>
		<height>416</height>
		<depth>3</depth>
	</size>
	<segmented>0</segmented>
	<object>
		<name>branch</name>
		<pose>Unspecified</pose>
		<truncated>0</truncated>
		<difficult>0</difficult>
		<bndbox>
			<xmin>58</xmin>
			<ymin>114</ymin>
			<xmax>115</xmax>
			<ymax>145</ymax>
		</bndbox>
	</object>
	<object>
		<name>plastic-garbage</name>
		<pose>Unspecified</pose>
		<truncated>0</truncated>
		<difficult>0</difficult>
		<bndbox>
			<xmin>131</xmin>
			<ymin>163</ymin>
			<xmax>156</xmax>
			<ymax>210</ymax>
		</bndbox>
	</object>
</annotation>