<annotation>
	<folder>JPEGImages</folder>
	<filename>000631.jpg</filename>
	<path>/home/zbr/VOCdevkit/VOC2007/JPEGImages/000631.jpg</path>
	<source>
		<database>Unknown</database>
	</source>
	<size>
		<width>416</width>
		<height>416</height>
		<depth>3</depth>
	</size>
	<segmented>0</segmented>
	<object>
		<name>bottle</name>
		<pose>Unspecified</pose>
		<truncated>0</truncated>
		<difficult>0</difficult>
		<bndbox>
			<xmin>69</xmin>
			<ymin>46</ymin>
			<xmax>101</xmax>
			<ymax>86</ymax>
		</bndbox>
	</object>
	<object>
		<name>bottle</name>
		<pose>Unspecified</pose>
		<truncated>0</truncated>
		<difficult>0</difficult>
		<bndbox>
			<xmin>22</xmin>
			<ymin>64</ymin>
			<xmax>53</xmax>
			<ymax>106</ymax>
		</bndbox>
	</object>
</annotation>