<annotation>
	<folder>JPEGImages</folder>
	<filename>000753.jpg</filename>
	<path>/home/zbr/VOCdevkit/VOC2007/JPEGImages/000753.jpg</path>
	<source>
		<database>Unknown</database>
	</source>
	<size>
		<width>416</width>
		<height>416</height>
		<depth>3</depth>
	</size>
	<segmented>0</segmented>
	<object>
		<name>plastic-bag</name>
		<pose>Unspecified</pose>
		<truncated>0</truncated>
		<difficult>0</difficult>
		<bndbox>
			<xmin>80</xmin>
			<ymin>91</ymin>
			<xmax>114</xmax>
			<ymax>153</ymax>
		</bndbox>
	</object>
	<object>
		<name>bottle</name>
		<pose>Unspecified</pose>
		<truncated>0</truncated>
		<difficult>0</difficult>
		<bndbox>
			<xmin>30</xmin>
			<ymin>135</ymin>
			<xmax>47</xmax>
			<ymax>190</ymax>
		</bndbox>
	</object>
	<object>
		<name>bottle</name>
		<pose>Unspecified</pose>
		<truncated>0</truncated>
		<difficult>0</difficult>
		<bndbox>
			<xmin>112</xmin>
			<ymin>2</ymin>
			<xmax>150</xmax>
			<ymax>22</ymax>
		</bndbox>
	</object>
</annotation>