<annotation>
	<folder>JPEGImages</folder>
	<filename>000783.jpg</filename>
	<path>/home/zbr/VOCdevkit/VOC2007/JPEGImages/000783.jpg</path>
	<source>
		<database>Unknown</database>
	</source>
	<size>
		<width>416</width>
		<height>416</height>
		<depth>3</depth>
	</size>
	<segmented>0</segmented>
	<object>
		<name>leaf</name>
		<pose>Unspecified</pose>
		<truncated>0</truncated>
		<difficult>0</difficult>
		<bndbox>
			<xmin>181</xmin>
			<ymin>24</ymin>
			<xmax>207</xmax>
			<ymax>100</ymax>
		</bndbox>
	</object>
	<object>
		<name>leaf</name>
		<pose>Unspecified</pose>
		<truncated>0</truncated>
		<difficult>0</difficult>
		<bndbox>
			<xmin>157</xmin>
			<ymin>128</ymin>
			<xmax>194</xmax>
			<ymax>150</ymax>
		</bndbox>
	</object>
</annotation>