<annotation>
	<folder>JPEGImages</folder>
	<filename>000741.jpg</filename>
	<path>/home/zbr/VOCdevkit/VOC2007/JPEGImages/000741.jpg</path>
	<source>
		<database>Unknown</database>
	</source>
	<size>
		<width>416</width>
		<height>416</height>
		<depth>3</depth>
	</size>
	<segmented>0</segmented>
	<object>
		<name>leaf</name>
		<pose>Unspecified</pose>
		<truncated>0</truncated>
		<difficult>0</difficult>
		<bndbox>
			<xmin>86</xmin>
			<ymin>19</ymin>
			<xmax>124</xmax>
			<ymax>77</ymax>
		</bndbox>
	</object>
</annotation>