<annotation>
	<folder>JPEGImages</folder>
	<filename>000757.jpg</filename>
	<path>/home/zbr/VOCdevkit/VOC2007/JPEGImages/000757.jpg</path>
	<source>
		<database>Unknown</database>
	</source>
	<size>
		<width>416</width>
		<height>416</height>
		<depth>3</depth>
	</size>
	<segmented>0</segmented>
	<object>
		<name>bottle</name>
		<pose>Unspecified</pose>
		<truncated>0</truncated>
		<difficult>0</difficult>
		<bndbox>
			<xmin>105</xmin>
			<ymin>51</ymin>
			<xmax>134</xmax>
			<ymax>82</ymax>
		</bndbox>
	</object>
	<object>
		<name>plastic-bag</name>
		<pose>Unspecified</pose>
		<truncated>0</truncated>
		<difficult>0</difficult>
		<bndbox>
			<xmin>53</xmin>
			<ymin>110</ymin>
			<xmax>101</xmax>
			<ymax>164</ymax>
		</bndbox>
	</object>
</annotation>