<annotation>
	<folder>JPEGImages</folder>
	<filename>000756.jpg</filename>
	<path>/home/zbr/VOCdevkit/VOC2007/JPEGImages/000756.jpg</path>
	<source>
		<database>Unknown</database>
	</source>
	<size>
		<width>416</width>
		<height>416</height>
		<depth>3</depth>
	</size>
	<segmented>0</segmented>
	<object>
		<name>bottle</name>
		<pose>Unspecified</pose>
		<truncated>0</truncated>
		<difficult>0</difficult>
		<bndbox>
			<xmin>89</xmin>
			<ymin>53</ymin>
			<xmax>106</xmax>
			<ymax>100</ymax>
		</bndbox>
	</object>
	<object>
		<name>milk-box</name>
		<pose>Unspecified</pose>
		<truncated>0</truncated>
		<difficult>0</difficult>
		<bndbox>
			<xmin>110</xmin>
			<ymin>81</ymin>
			<xmax>139</xmax>
			<ymax>106</ymax>
		</bndbox>
	</object>
	<object>
		<name>ball</name>
		<pose>Unspecified</pose>
		<truncated>0</truncated>
		<difficult>0</difficult>
		<bndbox>
			<xmin>75</xmin>
			<ymin>182</ymin>
			<xmax>100</xmax>
			<ymax>222</ymax>
		</bndbox>
	</object>
</annotation>