<annotation>
	<folder>JPEGImages</folder>
	<filename>000754.jpg</filename>
	<path>/home/zbr/VOCdevkit/VOC2007/JPEGImages/000754.jpg</path>
	<source>
		<database>Unknown</database>
	</source>
	<size>
		<width>416</width>
		<height>416</height>
		<depth>3</depth>
	</size>
	<segmented>0</segmented>
	<object>
		<name>bottle</name>
		<pose>Unspecified</pose>
		<truncated>0</truncated>
		<difficult>0</difficult>
		<bndbox>
			<xmin>26</xmin>
			<ymin>158</ymin>
			<xmax>64</xmax>
			<ymax>194</ymax>
		</bndbox>
	</object>
	<object>
		<name>bottle</name>
		<pose>Unspecified</pose>
		<truncated>0</truncated>
		<difficult>0</difficult>
		<bndbox>
			<xmin>109</xmin>
			<ymin>196</ymin>
			<xmax>150</xmax>
			<ymax>223</ymax>
		</bndbox>
	</object>
	<object>
		<name>bottle</name>
		<pose>Unspecified</pose>
		<truncated>0</truncated>
		<difficult>0</difficult>
		<bndbox>
			<xmin>30</xmin>
			<ymin>31</ymin>
			<xmax>49</xmax>
			<ymax>91</ymax>
		</bndbox>
	</object>
</annotation>