<annotation>
	<folder>JPEGImages</folder>
	<filename>000747.jpg</filename>
	<path>/home/zbr/VOCdevkit/VOC2007/JPEGImages/000747.jpg</path>
	<source>
		<database>Unknown</database>
	</source>
	<size>
		<width>416</width>
		<height>416</height>
		<depth>3</depth>
	</size>
	<segmented>0</segmented>
	<object>
		<name>milk-box</name>
		<pose>Unspecified</pose>
		<truncated>0</truncated>
		<difficult>0</difficult>
		<bndbox>
			<xmin>92</xmin>
			<ymin>63</ymin>
			<xmax>114</xmax>
			<ymax>117</ymax>
		</bndbox>
	</object>
	<object>
		<name>bottle</name>
		<pose>Unspecified</pose>
		<truncated>0</truncated>
		<difficult>0</difficult>
		<bndbox>
			<xmin>103</xmin>
			<ymin>1</ymin>
			<xmax>133</xmax>
			<ymax>40</ymax>
		</bndbox>
	</object>
</annotation>