<annotation>
	<folder>JPEGImages</folder>
	<filename>000800.jpg</filename>
	<path>/home/zbr/VOCdevkit/VOC2007/JPEGImages/000800.jpg</path>
	<source>
		<database>Unknown</database>
	</source>
	<size>
		<width>416</width>
		<height>416</height>
		<depth>3</depth>
	</size>
	<segmented>0</segmented>
	<object>
		<name>branch</name>
		<pose>Unspecified</pose>
		<truncated>0</truncated>
		<difficult>0</difficult>
		<bndbox>
			<xmin>2</xmin>
			<ymin>141</ymin>
			<xmax>94</xmax>
			<ymax>171</ymax>
		</bndbox>
	</object>
	<object>
		<name>branch</name>
		<pose>Unspecified</pose>
		<truncated>0</truncated>
		<difficult>0</difficult>
		<bndbox>
			<xmin>48</xmin>
			<ymin>49</ymin>
			<xmax>96</xmax>
			<ymax>83</ymax>
		</bndbox>
	</object>
</annotation>