<annotation>
	<folder>JPEGImages</folder>
	<filename>000829.jpg</filename>
	<path>/home/zbr/VOCdevkit/VOC2007/JPEGImages/000829.jpg</path>
	<source>
		<database>Unknown</database>
	</source>
	<size>
		<width>416</width>
		<height>416</height>
		<depth>3</depth>
	</size>
	<segmented>0</segmented>
	<object>
		<name>leaf</name>
		<pose>Unspecified</pose>
		<truncated>0</truncated>
		<difficult>0</difficult>
		<bndbox>
			<xmin>117</xmin>
			<ymin>19</ymin>
			<xmax>159</xmax>
			<ymax>87</ymax>
		</bndbox>
	</object>
	<object>
		<name>leaf</name>
		<pose>Unspecified</pose>
		<truncated>0</truncated>
		<difficult>0</difficult>
		<bndbox>
			<xmin>126</xmin>
			<ymin>90</ymin>
			<xmax>172</xmax>
			<ymax>162</ymax>
		</bndbox>
	</object>
</annotation>