<annotation>
	<folder>JPEGImages</folder>
	<filename>000810.jpg</filename>
	<path>/home/zbr/VOCdevkit/VOC2007/JPEGImages/000810.jpg</path>
	<source>
		<database>Unknown</database>
	</source>
	<size>
		<width>416</width>
		<height>416</height>
		<depth>3</depth>
	</size>
	<segmented>0</segmented>
	<object>
		<name>leaf</name>
		<pose>Unspecified</pose>
		<truncated>1</truncated>
		<difficult>0</difficult>
		<bndbox>
			<xmin>22</xmin>
			<ymin>118</ymin>
			<xmax>112</xmax>
			<ymax>224</ymax>
		</bndbox>
	</object>
</annotation>