<annotation>
	<folder>JPEGImages</folder>
	<filename>000998.jpg</filename>
	<path>/home/zbr/VOCdevkit/VOC2007/JPEGImages/000998.jpg</path>
	<source>
		<database>Unknown</database>
	</source>
	<size>
		<width>416</width>
		<height>416</height>
		<depth>3</depth>
	</size>
	<segmented>0</segmented>
	<object>
		<name>milk-box</name>
		<pose>Unspecified</pose>
		<truncated>0</truncated>
		<difficult>0</difficult>
		<bndbox>
			<xmin>115</xmin>
			<ymin>54</ymin>
			<xmax>140</xmax>
			<ymax>75</ymax>
		</bndbox>
	</object>
	<object>
		<name>ball</name>
		<pose>Unspecified</pose>
		<truncated>0</truncated>
		<difficult>0</difficult>
		<bndbox>
			<xmin>81</xmin>
			<ymin>149</ymin>
			<xmax>106</xmax>
			<ymax>198</ymax>
		</bndbox>
	</object>
</annotation>