<annotation>
	<folder>JPEGImages</folder>
	<filename>001077.jpg</filename>
	<path>/home/zbr/VOCdevkit/VOC2007/JPEGImages/001077.jpg</path>
	<source>
		<database>Unknown</database>
	</source>
	<size>
		<width>416</width>
		<height>416</height>
		<depth>3</depth>
	</size>
	<segmented>0</segmented>
	<object>
		<name>grass</name>
		<pose>Unspecified</pose>
		<truncated>0</truncated>
		<difficult>0</difficult>
		<bndbox>
			<xmin>1</xmin>
			<ymin>73</ymin>
			<xmax>45</xmax>
			<ymax>218</ymax>
		</bndbox>
	</object>
</annotation>