<annotation>
	<folder>JPEGImages</folder>
	<filename>001066.jpg</filename>
	<path>/home/zbr/VOCdevkit/VOC2007/JPEGImages/001066.jpg</path>
	<source>
		<database>Unknown</database>
	</source>
	<size>
		<width>416</width>
		<height>416</height>
		<depth>3</depth>
	</size>
	<segmented>0</segmented>
	<object>
		<name>bottle</name>
		<pose>Unspecified</pose>
		<truncated>0</truncated>
		<difficult>0</difficult>
		<bndbox>
			<xmin>56</xmin>
			<ymin>113</ymin>
			<xmax>74</xmax>
			<ymax>163</ymax>
		</bndbox>
	</object>
	<object>
		<name>plastic-bag</name>
		<pose>Unspecified</pose>
		<truncated>0</truncated>
		<difficult>0</difficult>
		<bndbox>
			<xmin>38</xmin>
			<ymin>23</ymin>
			<xmax>70</xmax>
			<ymax>78</ymax>
		</bndbox>
	</object>
</annotation>