<annotation>
	<folder>JPEGImages</folder>
	<filename>001074.jpg</filename>
	<path>/home/zbr/VOCdevkit/VOC2007/JPEGImages/001074.jpg</path>
	<source>
		<database>Unknown</database>
	</source>
	<size>
		<width>416</width>
		<height>416</height>
		<depth>3</depth>
	</size>
	<segmented>0</segmented>
	<object>
		<name>branch</name>
		<pose>Unspecified</pose>
		<truncated>1</truncated>
		<difficult>0</difficult>
		<bndbox>
			<xmin>0</xmin>
			<ymin>100</ymin>
			<xmax>102</xmax>
			<ymax>224</ymax>
		</bndbox>
	</object>
</annotation>