<annotation>
	<folder>JPEGImages</folder>
	<filename>001106.jpg</filename>
	<path>/home/zbr/VOCdevkit/VOC2007/JPEGImages/001106.jpg</path>
	<source>
		<database>Unknown</database>
	</source>
	<size>
		<width>416</width>
		<height>416</height>
		<depth>3</depth>
	</size>
	<segmented>0</segmented>
	<object>
		<name>bottle</name>
		<pose>Unspecified</pose>
		<truncated>0</truncated>
		<difficult>0</difficult>
		<bndbox>
			<xmin>146</xmin>
			<ymin>147</ymin>
			<xmax>164</xmax>
			<ymax>182</ymax>
		</bndbox>
	</object>
	<object>
		<name>leaf</name>
		<pose>Unspecified</pose>
		<truncated>0</truncated>
		<difficult>0</difficult>
		<bndbox>
			<xmin>117</xmin>
			<ymin>183</ymin>
			<xmax>165</xmax>
			<ymax>223</ymax>
		</bndbox>
	</object>
</annotation>