<annotation>
	<folder>JPEGImages</folder>
	<filename>001105.jpg</filename>
	<path>/home/zbr/VOCdevkit/VOC2007/JPEGImages/001105.jpg</path>
	<source>
		<database>Unknown</database>
	</source>
	<size>
		<width>416</width>
		<height>416</height>
		<depth>3</depth>
	</size>
	<segmented>0</segmented>
	<object>
		<name>milk-box</name>
		<pose>Unspecified</pose>
		<truncated>0</truncated>
		<difficult>0</difficult>
		<bndbox>
			<xmin>87</xmin>
			<ymin>107</ymin>
			<xmax>113</xmax>
			<ymax>157</ymax>
		</bndbox>
	</object>
	<object>
		<name>bottle</name>
		<pose>Unspecified</pose>
		<truncated>0</truncated>
		<difficult>0</difficult>
		<bndbox>
			<xmin>102</xmin>
			<ymin>189</ymin>
			<xmax>129</xmax>
			<ymax>222</ymax>
		</bndbox>
	</object>
</annotation>