<annotation>
	<folder>JPEGImages</folder>
	<filename>001104.jpg</filename>
	<path>/home/zbr/VOCdevkit/VOC2007/JPEGImages/001104.jpg</path>
	<source>
		<database>Unknown</database>
	</source>
	<size>
		<width>416</width>
		<height>416</height>
		<depth>3</depth>
	</size>
	<segmented>0</segmented>
	<object>
		<name>branch</name>
		<pose>Unspecified</pose>
		<truncated>0</truncated>
		<difficult>0</difficult>
		<bndbox>
			<xmin>20</xmin>
			<ymin>59</ymin>
			<xmax>56</xmax>
			<ymax>220</ymax>
		</bndbox>
	</object>
</annotation>