<annotation>
	<folder>JPEGImages</folder>
	<filename>001138.jpg</filename>
	<path>/home/zbr/VOCdevkit/VOC2007/JPEGImages/001138.jpg</path>
	<source>
		<database>Unknown</database>
	</source>
	<size>
		<width>416</width>
		<height>416</height>
		<depth>3</depth>
	</size>
	<segmented>0</segmented>
	<object>
		<name>branch</name>
		<pose>Unspecified</pose>
		<truncated>1</truncated>
		<difficult>0</difficult>
		<bndbox>
			<xmin>163</xmin>
			<ymin>112</ymin>
			<xmax>224</xmax>
			<ymax>142</ymax>
		</bndbox>
	</object>
</annotation>