<annotation>
	<folder>JPEGImages</folder>
	<filename>001112.jpg</filename>
	<path>/home/zbr/VOCdevkit/VOC2007/JPEGImages/001112.jpg</path>
	<source>
		<database>Unknown</database>
	</source>
	<size>
		<width>416</width>
		<height>416</height>
		<depth>3</depth>
	</size>
	<segmented>0</segmented>
	<object>
		<name>plastic-garbage</name>
		<pose>Unspecified</pose>
		<truncated>0</truncated>
		<difficult>0</difficult>
		<bndbox>
			<xmin>73</xmin>
			<ymin>46</ymin>
			<xmax>110</xmax>
			<ymax>94</ymax>
		</bndbox>
	</object>
</annotation>