<annotation>
	<folder>JPEGImages</folder>
	<filename>001100.jpg</filename>
	<path>/home/zbr/VOCdevkit/VOC2007/JPEGImages/001100.jpg</path>
	<source>
		<database>Unknown</database>
	</source>
	<size>
		<width>416</width>
		<height>416</height>
		<depth>3</depth>
	</size>
	<segmented>0</segmented>
	<object>
		<name>milk-box</name>
		<pose>Unspecified</pose>
		<truncated>1</truncated>
		<difficult>0</difficult>
		<bndbox>
			<xmin>42</xmin>
			<ymin>0</ymin>
			<xmax>61</xmax>
			<ymax>28</ymax>
		</bndbox>
	</object>
</annotation>