<annotation>
	<folder>JPEGImages</folder>
	<filename>001261.jpg</filename>
	<path>/home/zbr/VOCdevkit/VOC2007/JPEGImages/001261.jpg</path>
	<source>
		<database>Unknown</database>
	</source>
	<size>
		<width>416</width>
		<height>416</height>
		<depth>3</depth>
	</size>
	<segmented>0</segmented>
	<object>
		<name>bottle</name>
		<pose>Unspecified</pose>
		<truncated>0</truncated>
		<difficult>0</difficult>
		<bndbox>
			<xmin>112</xmin>
			<ymin>119</ymin>
			<xmax>138</xmax>
			<ymax>153</ymax>
		</bndbox>
	</object>
	<object>
		<name>bottle</name>
		<pose>Unspecified</pose>
		<truncated>0</truncated>
		<difficult>0</difficult>
		<bndbox>
			<xmin>81</xmin>
			<ymin>19</ymin>
			<xmax>117</xmax>
			<ymax>92</ymax>
		</bndbox>
	</object>
</annotation>