<annotation>
	<folder>JPEGImages</folder>
	<filename>001272.jpg</filename>
	<path>/home/zbr/VOCdevkit/VOC2007/JPEGImages/001272.jpg</path>
	<source>
		<database>Unknown</database>
	</source>
	<size>
		<width>416</width>
		<height>416</height>
		<depth>3</depth>
	</size>
	<segmented>0</segmented>
	<object>
		<name>bottle</name>
		<pose>Unspecified</pose>
		<truncated>0</truncated>
		<difficult>0</difficult>
		<bndbox>
			<xmin>89</xmin>
			<ymin>109</ymin>
			<xmax>107</xmax>
			<ymax>128</ymax>
		</bndbox>
	</object>
	<object>
		<name>bottle</name>
		<pose>Unspecified</pose>
		<truncated>0</truncated>
		<difficult>0</difficult>
		<bndbox>
			<xmin>24</xmin>
			<ymin>107</ymin>
			<xmax>45</xmax>
			<ymax>129</ymax>
		</bndbox>
	</object>
</annotation>