<annotation>
	<folder>JPEGImages</folder>
	<filename>001298.jpg</filename>
	<path>/home/zbr/VOCdevkit/VOC2007/JPEGImages/001298.jpg</path>
	<source>
		<database>Unknown</database>
	</source>
	<size>
		<width>416</width>
		<height>416</height>
		<depth>3</depth>
	</size>
	<segmented>0</segmented>
	<object>
		<name>leaf</name>
		<pose>Unspecified</pose>
		<truncated>0</truncated>
		<difficult>0</difficult>
		<bndbox>
			<xmin>50</xmin>
			<ymin>89</ymin>
			<xmax>81</xmax>
			<ymax>137</ymax>
		</bndbox>
	</object>
	<object>
		<name>leaf</name>
		<pose>Unspecified</pose>
		<truncated>1</truncated>
		<difficult>0</difficult>
		<bndbox>
			<xmin>31</xmin>
			<ymin>0</ymin>
			<xmax>81</xmax>
			<ymax>43</ymax>
		</bndbox>
	</object>
</annotation>