<annotation>
	<folder>JPEGImages</folder>
	<filename>001264.jpg</filename>
	<path>/home/zbr/VOCdevkit/VOC2007/JPEGImages/001264.jpg</path>
	<source>
		<database>Unknown</database>
	</source>
	<size>
		<width>416</width>
		<height>416</height>
		<depth>3</depth>
	</size>
	<segmented>0</segmented>
	<object>
		<name>bottle</name>
		<pose>Unspecified</pose>
		<truncated>0</truncated>
		<difficult>0</difficult>
		<bndbox>
			<xmin>169</xmin>
			<ymin>122</ymin>
			<xmax>193</xmax>
			<ymax>160</ymax>
		</bndbox>
	</object>
	<object>
		<name>bottle</name>
		<pose>Unspecified</pose>
		<truncated>1</truncated>
		<difficult>0</difficult>
		<bndbox>
			<xmin>152</xmin>
			<ymin>180</ymin>
			<xmax>172</xmax>
			<ymax>224</ymax>
		</bndbox>
	</object>
</annotation>