<annotation>
	<folder>JPEGImages</folder>
	<filename>001270.jpg</filename>
	<path>/home/zbr/VOCdevkit/VOC2007/JPEGImages/001270.jpg</path>
	<source>
		<database>Unknown</database>
	</source>
	<size>
		<width>416</width>
		<height>416</height>
		<depth>3</depth>
	</size>
	<segmented>0</segmented>
	<object>
		<name>bottle</name>
		<pose>Unspecified</pose>
		<truncated>0</truncated>
		<difficult>0</difficult>
		<bndbox>
			<xmin>88</xmin>
			<ymin>120</ymin>
			<xmax>115</xmax>
			<ymax>151</ymax>
		</bndbox>
	</object>
	<object>
		<name>bottle</name>
		<pose>Unspecified</pose>
		<truncated>0</truncated>
		<difficult>0</difficult>
		<bndbox>
			<xmin>109</xmin>
			<ymin>20</ymin>
			<xmax>145</xmax>
			<ymax>90</ymax>
		</bndbox>
	</object>
</annotation>