<annotation>
	<folder>JPEGImages</folder>
	<filename>001288.jpg</filename>
	<path>/home/zbr/VOCdevkit/VOC2007/JPEGImages/001288.jpg</path>
	<source>
		<database>Unknown</database>
	</source>
	<size>
		<width>416</width>
		<height>416</height>
		<depth>3</depth>
	</size>
	<segmented>0</segmented>
	<object>
		<name>bottle</name>
		<pose>Unspecified</pose>
		<truncated>0</truncated>
		<difficult>0</difficult>
		<bndbox>
			<xmin>73</xmin>
			<ymin>108</ymin>
			<xmax>85</xmax>
			<ymax>138</ymax>
		</bndbox>
	</object>
	<object>
		<name>bottle</name>
		<pose>Unspecified</pose>
		<truncated>0</truncated>
		<difficult>0</difficult>
		<bndbox>
			<xmin>138</xmin>
			<ymin>122</ymin>
			<xmax>159</xmax>
			<ymax>141</ymax>
		</bndbox>
	</object>
</annotation>