<annotation>
	<folder>JPEGImages</folder>
	<filename>001271.jpg</filename>
	<path>/home/zbr/VOCdevkit/VOC2007/JPEGImages/001271.jpg</path>
	<source>
		<database>Unknown</database>
	</source>
	<size>
		<width>416</width>
		<height>416</height>
		<depth>3</depth>
	</size>
	<segmented>0</segmented>
	<object>
		<name>bottle</name>
		<pose>Unspecified</pose>
		<truncated>0</truncated>
		<difficult>0</difficult>
		<bndbox>
			<xmin>175</xmin>
			<ymin>86</ymin>
			<xmax>187</xmax>
			<ymax>121</ymax>
		</bndbox>
	</object>
	<object>
		<name>bottle</name>
		<pose>Unspecified</pose>
		<truncated>1</truncated>
		<difficult>0</difficult>
		<bndbox>
			<xmin>0</xmin>
			<ymin>42</ymin>
			<xmax>20</xmax>
			<ymax>75</ymax>
		</bndbox>
	</object>
	<object>
		<name>plastic-bag</name>
		<pose>Unspecified</pose>
		<truncated>0</truncated>
		<difficult>0</difficult>
		<bndbox>
			<xmin>135</xmin>
			<ymin>25</ymin>
			<xmax>160</xmax>
			<ymax>77</ymax>
		</bndbox>
	</object>
</annotation>