<annotation>
	<folder>JPEGImages</folder>
	<filename>001289.jpg</filename>
	<path>/home/zbr/VOCdevkit/VOC2007/JPEGImages/001289.jpg</path>
	<source>
		<database>Unknown</database>
	</source>
	<size>
		<width>416</width>
		<height>416</height>
		<depth>3</depth>
	</size>
	<segmented>0</segmented>
	<object>
		<name>bottle</name>
		<pose>Unspecified</pose>
		<truncated>0</truncated>
		<difficult>0</difficult>
		<bndbox>
			<xmin>72</xmin>
			<ymin>86</ymin>
			<xmax>84</xmax>
			<ymax>113</ymax>
		</bndbox>
	</object>
	<object>
		<name>bottle</name>
		<pose>Unspecified</pose>
		<truncated>0</truncated>
		<difficult>0</difficult>
		<bndbox>
			<xmin>137</xmin>
			<ymin>82</ymin>
			<xmax>160</xmax>
			<ymax>103</ymax>
		</bndbox>
	</object>
</annotation>