<annotation>
	<folder>JPEGImages</folder>
	<filename>001299.jpg</filename>
	<path>/home/zbr/VOCdevkit/VOC2007/JPEGImages/001299.jpg</path>
	<source>
		<database>Unknown</database>
	</source>
	<size>
		<width>416</width>
		<height>416</height>
		<depth>3</depth>
	</size>
	<segmented>0</segmented>
	<object>
		<name>bottle</name>
		<pose>Unspecified</pose>
		<truncated>0</truncated>
		<difficult>0</difficult>
		<bndbox>
			<xmin>181</xmin>
			<ymin>72</ymin>
			<xmax>210</xmax>
			<ymax>111</ymax>
		</bndbox>
	</object>
	<object>
		<name>bottle</name>
		<pose>Unspecified</pose>
		<truncated>0</truncated>
		<difficult>0</difficult>
		<bndbox>
			<xmin>145</xmin>
			<ymin>165</ymin>
			<xmax>186</xmax>
			<ymax>200</ymax>
		</bndbox>
	</object>
</annotation>