<annotation>
	<folder>JPEGImages</folder>
	<filename>001312.jpg</filename>
	<path>/home/zbr/VOCdevkit/VOC2007/JPEGImages/001312.jpg</path>
	<source>
		<database>Unknown</database>
	</source>
	<size>
		<width>416</width>
		<height>416</height>
		<depth>3</depth>
	</size>
	<segmented>0</segmented>
	<object>
		<name>bottle</name>
		<pose>Unspecified</pose>
		<truncated>0</truncated>
		<difficult>0</difficult>
		<bndbox>
			<xmin>97</xmin>
			<ymin>93</ymin>
			<xmax>113</xmax>
			<ymax>126</ymax>
		</bndbox>
	</object>
	<object>
		<name>bottle</name>
		<pose>Unspecified</pose>
		<truncated>0</truncated>
		<difficult>0</difficult>
		<bndbox>
			<xmin>178</xmin>
			<ymin>92</ymin>
			<xmax>202</xmax>
			<ymax>110</ymax>
		</bndbox>
	</object>
</annotation>