<annotation>
	<folder>JPEGImages</folder>
	<filename>001304.jpg</filename>
	<path>/home/zbr/VOCdevkit/VOC2007/JPEGImages/001304.jpg</path>
	<source>
		<database>Unknown</database>
	</source>
	<size>
		<width>416</width>
		<height>416</height>
		<depth>3</depth>
	</size>
	<segmented>0</segmented>
	<object>
		<name>bottle</name>
		<pose>Unspecified</pose>
		<truncated>0</truncated>
		<difficult>0</difficult>
		<bndbox>
			<xmin>58</xmin>
			<ymin>104</ymin>
			<xmax>74</xmax>
			<ymax>138</ymax>
		</bndbox>
	</object>
	<object>
		<name>bottle</name>
		<pose>Unspecified</pose>
		<truncated>0</truncated>
		<difficult>0</difficult>
		<bndbox>
			<xmin>64</xmin>
			<ymin>94</ymin>
			<xmax>94</xmax>
			<ymax>112</ymax>
		</bndbox>
	</object>
	<object>
		<name>bottle</name>
		<pose>Unspecified</pose>
		<truncated>0</truncated>
		<difficult>0</difficult>
		<bndbox>
			<xmin>158</xmin>
			<ymin>100</ymin>
			<xmax>175</xmax>
			<ymax>122</ymax>
		</bndbox>
	</object>
</annotation>