<annotation>
	<folder>JPEGImages</folder>
	<filename>001305.jpg</filename>
	<path>/home/zbr/VOCdevkit/VOC2007/JPEGImages/001305.jpg</path>
	<source>
		<database>Unknown</database>
	</source>
	<size>
		<width>416</width>
		<height>416</height>
		<depth>3</depth>
	</size>
	<segmented>0</segmented>
	<object>
		<name>bottle</name>
		<pose>Unspecified</pose>
		<truncated>0</truncated>
		<difficult>0</difficult>
		<bndbox>
			<xmin>129</xmin>
			<ymin>94</ymin>
			<xmax>159</xmax>
			<ymax>109</ymax>
		</bndbox>
	</object>
	<object>
		<name>bottle</name>
		<pose>Unspecified</pose>
		<truncated>0</truncated>
		<difficult>0</difficult>
		<bndbox>
			<xmin>152</xmin>
			<ymin>103</ymin>
			<xmax>165</xmax>
			<ymax>131</ymax>
		</bndbox>
	</object>
</annotation>