<annotation>
	<folder>JPEGImages</folder>
	<filename>001311.jpg</filename>
	<path>/home/zbr/VOCdevkit/VOC2007/JPEGImages/001311.jpg</path>
	<source>
		<database>Unknown</database>
	</source>
	<size>
		<width>416</width>
		<height>416</height>
		<depth>3</depth>
	</size>
	<segmented>0</segmented>
	<object>
		<name>bottle</name>
		<pose>Unspecified</pose>
		<truncated>0</truncated>
		<difficult>0</difficult>
		<bndbox>
			<xmin>99</xmin>
			<ymin>98</ymin>
			<xmax>113</xmax>
			<ymax>130</ymax>
		</bndbox>
	</object>
	<object>
		<name>bottle</name>
		<pose>Unspecified</pose>
		<truncated>0</truncated>
		<difficult>0</difficult>
		<bndbox>
			<xmin>180</xmin>
			<ymin>114</ymin>
			<xmax>200</xmax>
			<ymax>131</ymax>
		</bndbox>
	</object>
</annotation>