<annotation>
	<folder>JPEGImages</folder>
	<filename>001313.jpg</filename>
	<path>/home/zbr/VOCdevkit/VOC2007/JPEGImages/001313.jpg</path>
	<source>
		<database>Unknown</database>
	</source>
	<size>
		<width>416</width>
		<height>416</height>
		<depth>3</depth>
	</size>
	<segmented>0</segmented>
	<object>
		<name>bottle</name>
		<pose>Unspecified</pose>
		<truncated>0</truncated>
		<difficult>0</difficult>
		<bndbox>
			<xmin>109</xmin>
			<ymin>95</ymin>
			<xmax>127</xmax>
			<ymax>126</ymax>
		</bndbox>
	</object>
	<object>
		<name>bottle</name>
		<pose>Unspecified</pose>
		<truncated>0</truncated>
		<difficult>0</difficult>
		<bndbox>
			<xmin>23</xmin>
			<ymin>93</ymin>
			<xmax>45</xmax>
			<ymax>109</ymax>
		</bndbox>
	</object>
</annotation>