<annotation>
	<folder>JPEGImages</folder>
	<filename>001303.jpg</filename>
	<path>/home/zbr/VOCdevkit/VOC2007/JPEGImages/001303.jpg</path>
	<source>
		<database>Unknown</database>
	</source>
	<size>
		<width>416</width>
		<height>416</height>
		<depth>3</depth>
	</size>
	<segmented>0</segmented>
	<object>
		<name>bottle</name>
		<pose>Unspecified</pose>
		<truncated>0</truncated>
		<difficult>0</difficult>
		<bndbox>
			<xmin>63</xmin>
			<ymin>114</ymin>
			<xmax>96</xmax>
			<ymax>128</ymax>
		</bndbox>
	</object>
	<object>
		<name>bottle</name>
		<pose>Unspecified</pose>
		<truncated>0</truncated>
		<difficult>0</difficult>
		<bndbox>
			<xmin>159</xmin>
			<ymin>102</ymin>
			<xmax>181</xmax>
			<ymax>127</ymax>
		</bndbox>
	</object>
</annotation>