<annotation>
	<folder>JPEGImages</folder>
	<filename>001461.jpg</filename>
	<path>/home/zbr/VOCdevkit/VOC2007/JPEGImages/001461.jpg</path>
	<source>
		<database>Unknown</database>
	</source>
	<size>
		<width>416</width>
		<height>416</height>
		<depth>3</depth>
	</size>
	<segmented>0</segmented>
	<object>
		<name>plastic-garbage</name>
		<pose>Unspecified</pose>
		<truncated>0</truncated>
		<difficult>0</difficult>
		<bndbox>
			<xmin>53</xmin>
			<ymin>91</ymin>
			<xmax>92</xmax>
			<ymax>112</ymax>
		</bndbox>
	</object>
	<object>
		<name>bottle</name>
		<pose>Unspecified</pose>
		<truncated>0</truncated>
		<difficult>0</difficult>
		<bndbox>
			<xmin>72</xmin>
			<ymin>46</ymin>
			<xmax>92</xmax>
			<ymax>71</ymax>
		</bndbox>
	</object>
</annotation>