<annotation>
	<folder>JPEGImages</folder>
	<filename>001463.jpg</filename>
	<path>/home/zbr/VOCdevkit/VOC2007/JPEGImages/001463.jpg</path>
	<source>
		<database>Unknown</database>
	</source>
	<size>
		<width>416</width>
		<height>416</height>
		<depth>3</depth>
	</size>
	<segmented>0</segmented>
	<object>
		<name>plastic-bag</name>
		<pose>Unspecified</pose>
		<truncated>0</truncated>
		<difficult>0</difficult>
		<bndbox>
			<xmin>71</xmin>
			<ymin>114</ymin>
			<xmax>101</xmax>
			<ymax>213</ymax>
		</bndbox>
	</object>
	<object>
		<name>branch</name>
		<pose>Unspecified</pose>
		<truncated>0</truncated>
		<difficult>0</difficult>
		<bndbox>
			<xmin>26</xmin>
			<ymin>93</ymin>
			<xmax>81</xmax>
			<ymax>112</ymax>
		</bndbox>
	</object>
</annotation>