<annotation>
	<folder>JPEGImages</folder>
	<filename>001448.jpg</filename>
	<path>/home/zbr/VOCdevkit/VOC2007/JPEGImages/001448.jpg</path>
	<source>
		<database>Unknown</database>
	</source>
	<size>
		<width>416</width>
		<height>416</height>
		<depth>3</depth>
	</size>
	<segmented>0</segmented>
	<object>
		<name>bottle</name>
		<pose>Unspecified</pose>
		<truncated>0</truncated>
		<difficult>0</difficult>
		<bndbox>
			<xmin>148</xmin>
			<ymin>80</ymin>
			<xmax>170</xmax>
			<ymax>101</ymax>
		</bndbox>
	</object>
	<object>
		<name>bottle</name>
		<pose>Unspecified</pose>
		<truncated>0</truncated>
		<difficult>0</difficult>
		<bndbox>
			<xmin>18</xmin>
			<ymin>14</ymin>
			<xmax>65</xmax>
			<ymax>53</ymax>
		</bndbox>
	</object>
</annotation>