<annotation>
	<folder>JPEGImages</folder>
	<filename>001488.jpg</filename>
	<path>/home/zbr/VOCdevkit/VOC2007/JPEGImages/001488.jpg</path>
	<source>
		<database>Unknown</database>
	</source>
	<size>
		<width>416</width>
		<height>416</height>
		<depth>3</depth>
	</size>
	<segmented>0</segmented>
	<object>
		<name>bottle</name>
		<pose>Unspecified</pose>
		<truncated>0</truncated>
		<difficult>0</difficult>
		<bndbox>
			<xmin>193</xmin>
			<ymin>108</ymin>
			<xmax>206</xmax>
			<ymax>148</ymax>
		</bndbox>
	</object>
	<object>
		<name>bottle</name>
		<pose>Unspecified</pose>
		<truncated>0</truncated>
		<difficult>0</difficult>
		<bndbox>
			<xmin>69</xmin>
			<ymin>3</ymin>
			<xmax>117</xmax>
			<ymax>44</ymax>
		</bndbox>
	</object>
</annotation>