<annotation>
	<folder>JPEGImages</folder>
	<filename>001464.jpg</filename>
	<path>/home/zbr/VOCdevkit/VOC2007/JPEGImages/001464.jpg</path>
	<source>
		<database>Unknown</database>
	</source>
	<size>
		<width>416</width>
		<height>416</height>
		<depth>3</depth>
	</size>
	<segmented>0</segmented>
	<object>
		<name>branch</name>
		<pose>Unspecified</pose>
		<truncated>0</truncated>
		<difficult>0</difficult>
		<bndbox>
			<xmin>25</xmin>
			<ymin>108</ymin>
			<xmax>84</xmax>
			<ymax>134</ymax>
		</bndbox>
	</object>
	<object>
		<name>plastic-bag</name>
		<pose>Unspecified</pose>
		<truncated>0</truncated>
		<difficult>0</difficult>
		<bndbox>
			<xmin>72</xmin>
			<ymin>9</ymin>
			<xmax>106</xmax>
			<ymax>108</ymax>
		</bndbox>
	</object>
</annotation>