<annotation>
	<folder>JPEGImages</folder>
	<filename>001459.jpg</filename>
	<path>/home/zbr/VOCdevkit/VOC2007/JPEGImages/001459.jpg</path>
	<source>
		<database>Unknown</database>
	</source>
	<size>
		<width>416</width>
		<height>416</height>
		<depth>3</depth>
	</size>
	<segmented>0</segmented>
	<object>
		<name>leaf</name>
		<pose>Unspecified</pose>
		<truncated>0</truncated>
		<difficult>0</difficult>
		<bndbox>
			<xmin>124</xmin>
			<ymin>151</ymin>
			<xmax>151</xmax>
			<ymax>187</ymax>
		</bndbox>
	</object>
	<object>
		<name>plastic-garbage</name>
		<pose>Unspecified</pose>
		<truncated>0</truncated>
		<difficult>0</difficult>
		<bndbox>
			<xmin>131</xmin>
			<ymin>107</ymin>
			<xmax>175</xmax>
			<ymax>131</ymax>
		</bndbox>
	</object>
</annotation>