<annotation>
	<folder>JPEGImages</folder>
	<filename>001510.jpg</filename>
	<path>/home/zbr/VOCdevkit/VOC2007/JPEGImages/001510.jpg</path>
	<source>
		<database>Unknown</database>
	</source>
	<size>
		<width>416</width>
		<height>416</height>
		<depth>3</depth>
	</size>
	<segmented>0</segmented>
	<object>
		<name>bottle</name>
		<pose>Unspecified</pose>
		<truncated>0</truncated>
		<difficult>0</difficult>
		<bndbox>
			<xmin>131</xmin>
			<ymin>126</ymin>
			<xmax>164</xmax>
			<ymax>166</ymax>
		</bndbox>
	</object>
	<object>
		<name>bottle</name>
		<pose>Unspecified</pose>
		<truncated>0</truncated>
		<difficult>0</difficult>
		<bndbox>
			<xmin>92</xmin>
			<ymin>84</ymin>
			<xmax>122</xmax>
			<ymax>121</ymax>
		</bndbox>
	</object>
	<object>
		<name>bottle</name>
		<pose>Unspecified</pose>
		<truncated>1</truncated>
		<difficult>0</difficult>
		<bndbox>
			<xmin>99</xmin>
			<ymin>162</ymin>
			<xmax>126</xmax>
			<ymax>224</ymax>
		</bndbox>
	</object>
</annotation>