<annotation>
	<folder>JPEGImages</folder>
	<filename>001507.jpg</filename>
	<path>/home/zbr/VOCdevkit/VOC2007/JPEGImages/001507.jpg</path>
	<source>
		<database>Unknown</database>
	</source>
	<size>
		<width>416</width>
		<height>416</height>
		<depth>3</depth>
	</size>
	<segmented>0</segmented>
	<object>
		<name>bottle</name>
		<pose>Unspecified</pose>
		<truncated>0</truncated>
		<difficult>0</difficult>
		<bndbox>
			<xmin>191</xmin>
			<ymin>78</ymin>
			<xmax>222</xmax>
			<ymax>106</ymax>
		</bndbox>
	</object>
	<object>
		<name>plastic-bag</name>
		<pose>Unspecified</pose>
		<truncated>1</truncated>
		<difficult>0</difficult>
		<bndbox>
			<xmin>72</xmin>
			<ymin>171</ymin>
			<xmax>128</xmax>
			<ymax>224</ymax>
		</bndbox>
	</object>
</annotation>