<annotation>
	<folder>JPEGImages</folder>
	<filename>001503.jpg</filename>
	<path>/home/zbr/VOCdevkit/VOC2007/JPEGImages/001503.jpg</path>
	<source>
		<database>Unknown</database>
	</source>
	<size>
		<width>416</width>
		<height>416</height>
		<depth>3</depth>
	</size>
	<segmented>0</segmented>
	<object>
		<name>bottle</name>
		<pose>Unspecified</pose>
		<truncated>0</truncated>
		<difficult>0</difficult>
		<bndbox>
			<xmin>134</xmin>
			<ymin>74</ymin>
			<xmax>147</xmax>
			<ymax>106</ymax>
		</bndbox>
	</object>
	<object>
		<name>bottle</name>
		<pose>Unspecified</pose>
		<truncated>0</truncated>
		<difficult>0</difficult>
		<bndbox>
			<xmin>152</xmin>
			<ymin>151</ymin>
			<xmax>172</xmax>
			<ymax>219</ymax>
		</bndbox>
	</object>
</annotation>