<annotation>
	<folder>JPEGImages</folder>
	<filename>001500.jpg</filename>
	<path>/home/zbr/VOCdevkit/VOC2007/JPEGImages/001500.jpg</path>
	<source>
		<database>Unknown</database>
	</source>
	<size>
		<width>416</width>
		<height>416</height>
		<depth>3</depth>
	</size>
	<segmented>0</segmented>
	<object>
		<name>bottle</name>
		<pose>Unspecified</pose>
		<truncated>0</truncated>
		<difficult>0</difficult>
		<bndbox>
			<xmin>155</xmin>
			<ymin>86</ymin>
			<xmax>170</xmax>
			<ymax>127</ymax>
		</bndbox>
	</object>
	<object>
		<name>bottle</name>
		<pose>Unspecified</pose>
		<truncated>0</truncated>
		<difficult>0</difficult>
		<bndbox>
			<xmin>130</xmin>
			<ymin>10</ymin>
			<xmax>152</xmax>
			<ymax>106</ymax>
		</bndbox>
	</object>
</annotation>