<annotation>
	<folder>JPEGImages</folder>
	<filename>001674.jpg</filename>
	<path>/home/zbr/VOCdevkit/VOC2007/JPEGImages/001674.jpg</path>
	<source>
		<database>Unknown</database>
	</source>
	<size>
		<width>416</width>
		<height>416</height>
		<depth>3</depth>
	</size>
	<segmented>0</segmented>
	<object>
		<name>bottle</name>
		<pose>Unspecified</pose>
		<truncated>0</truncated>
		<difficult>0</difficult>
		<bndbox>
			<xmin>124</xmin>
			<ymin>136</ymin>
			<xmax>138</xmax>
			<ymax>183</ymax>
		</bndbox>
	</object>
</annotation>