<annotation>
	<folder>JPEGImages</folder>
	<filename>001663.jpg</filename>
	<path>/home/zbr/VOCdevkit/VOC2007/JPEGImages/001663.jpg</path>
	<source>
		<database>Unknown</database>
	</source>
	<size>
		<width>416</width>
		<height>416</height>
		<depth>3</depth>
	</size>
	<segmented>0</segmented>
	<object>
		<name>bottle</name>
		<pose>Unspecified</pose>
		<truncated>0</truncated>
		<difficult>0</difficult>
		<bndbox>
			<xmin>112</xmin>
			<ymin>140</ymin>
			<xmax>146</xmax>
			<ymax>184</ymax>
		</bndbox>
	</object>
</annotation>