<annotation>
	<folder>JPEGImages</folder>
	<filename>001852.jpg</filename>
	<path>/home/zbr/VOCdevkit/VOC2007/JPEGImages/001852.jpg</path>
	<source>
		<database>Unknown</database>
	</source>
	<size>
		<width>416</width>
		<height>416</height>
		<depth>3</depth>
	</size>
	<segmented>0</segmented>
	<object>
		<name>bottle</name>
		<pose>Unspecified</pose>
		<truncated>0</truncated>
		<difficult>0</difficult>
		<bndbox>
			<xmin>98</xmin>
			<ymin>86</ymin>
			<xmax>160</xmax>
			<ymax>101</ymax>
		</bndbox>
	</object>
	<object>
		<name>plastic-garbage</name>
		<pose>Unspecified</pose>
		<truncated>0</truncated>
		<difficult>0</difficult>
		<bndbox>
			<xmin>34</xmin>
			<ymin>183</ymin>
			<xmax>81</xmax>
			<ymax>215</ymax>
		</bndbox>
	</object>
	<object>
		<name>plastic-bag</name>
		<pose>Unspecified</pose>
		<truncated>0</truncated>
		<difficult>0</difficult>
		<bndbox>
			<xmin>17</xmin>
			<ymin>169</ymin>
			<xmax>78</xmax>
			<ymax>185</ymax>
		</bndbox>
	</object>
</annotation>