<annotation>
	<folder>JPEGImages</folder>
	<filename>001886.jpg</filename>
	<path>/home/zbr/VOCdevkit/VOC2007/JPEGImages/001886.jpg</path>
	<source>
		<database>Unknown</database>
	</source>
	<size>
		<width>416</width>
		<height>416</height>
		<depth>3</depth>
	</size>
	<segmented>0</segmented>
	<object>
		<name>bottle</name>
		<pose>Unspecified</pose>
		<truncated>0</truncated>
		<difficult>0</difficult>
		<bndbox>
			<xmin>76</xmin>
			<ymin>88</ymin>
			<xmax>119</xmax>
			<ymax>168</ymax>
		</bndbox>
	</object>
	<object>
		<name>bottle</name>
		<pose>Unspecified</pose>
		<truncated>0</truncated>
		<difficult>0</difficult>
		<bndbox>
			<xmin>139</xmin>
			<ymin>50</ymin>
			<xmax>202</xmax>
			<ymax>101</ymax>
		</bndbox>
	</object>
	<object>
		<name>bottle</name>
		<pose>Unspecified</pose>
		<truncated>0</truncated>
		<difficult>0</difficult>
		<bndbox>
			<xmin>130</xmin>
			<ymin>124</ymin>
			<xmax>177</xmax>
			<ymax>169</ymax>
		</bndbox>
	</object>
	<object>
		<name>bottle</name>
		<pose>Unspecified</pose>
		<truncated>0</truncated>
		<difficult>0</difficult>
		<bndbox>
			<xmin>115</xmin>
			<ymin>50</ymin>
			<xmax>138</xmax>
			<ymax>88</ymax>
		</bndbox>
	</object>
</annotation>