<annotation>
	<folder>JPEGImages</folder>
	<filename>001891.jpg</filename>
	<path>/home/zbr/VOCdevkit/VOC2007/JPEGImages/001891.jpg</path>
	<source>
		<database>Unknown</database>
	</source>
	<size>
		<width>416</width>
		<height>416</height>
		<depth>3</depth>
	</size>
	<segmented>0</segmented>
	<object>
		<name>branch</name>
		<pose>Unspecified</pose>
		<truncated>0</truncated>
		<difficult>0</difficult>
		<bndbox>
			<xmin>34</xmin>
			<ymin>102</ymin>
			<xmax>63</xmax>
			<ymax>171</ymax>
		</bndbox>
	</object>
	<object>
		<name>branch</name>
		<pose>Unspecified</pose>
		<truncated>0</truncated>
		<difficult>0</difficult>
		<bndbox>
			<xmin>6</xmin>
			<ymin>86</ymin>
			<xmax>24</xmax>
			<ymax>148</ymax>
		</bndbox>
	</object>
	<object>
		<name>bottle</name>
		<pose>Unspecified</pose>
		<truncated>0</truncated>
		<difficult>0</difficult>
		<bndbox>
			<xmin>133</xmin>
			<ymin>90</ymin>
			<xmax>141</xmax>
			<ymax>115</ymax>
		</bndbox>
	</object>
</annotation>