<annotation>
	<folder>JPEGImages</folder>
	<filename>001884.jpg</filename>
	<path>/home/zbr/VOCdevkit/VOC2007/JPEGImages/001884.jpg</path>
	<source>
		<database>Unknown</database>
	</source>
	<size>
		<width>416</width>
		<height>416</height>
		<depth>3</depth>
	</size>
	<segmented>0</segmented>
	<object>
		<name>bottle</name>
		<pose>Unspecified</pose>
		<truncated>0</truncated>
		<difficult>0</difficult>
		<bndbox>
			<xmin>64</xmin>
			<ymin>117</ymin>
			<xmax>101</xmax>
			<ymax>138</ymax>
		</bndbox>
	</object>
	<object>
		<name>bottle</name>
		<pose>Unspecified</pose>
		<truncated>0</truncated>
		<difficult>0</difficult>
		<bndbox>
			<xmin>26</xmin>
			<ymin>128</ymin>
			<xmax>59</xmax>
			<ymax>163</ymax>
		</bndbox>
	</object>
	<object>
		<name>bottle</name>
		<pose>Unspecified</pose>
		<truncated>0</truncated>
		<difficult>0</difficult>
		<bndbox>
			<xmin>118</xmin>
			<ymin>65</ymin>
			<xmax>130</xmax>
			<ymax>87</ymax>
		</bndbox>
	</object>
	<object>
		<name>plastic-bag</name>
		<pose>Unspecified</pose>
		<truncated>0</truncated>
		<difficult>0</difficult>
		<bndbox>
			<xmin>149</xmin>
			<ymin>51</ymin>
			<xmax>189</xmax>
			<ymax>85</ymax>
		</bndbox>
	</object>
</annotation>