<annotation>
	<folder>JPEGImages</folder>
	<filename>001892.jpg</filename>
	<path>/home/zbr/VOCdevkit/VOC2007/JPEGImages/001892.jpg</path>
	<source>
		<database>Unknown</database>
	</source>
	<size>
		<width>416</width>
		<height>416</height>
		<depth>3</depth>
	</size>
	<segmented>0</segmented>
	<object>
		<name>bottle</name>
		<pose>Unspecified</pose>
		<truncated>0</truncated>
		<difficult>0</difficult>
		<bndbox>
			<xmin>91</xmin>
			<ymin>103</ymin>
			<xmax>112</xmax>
			<ymax>145</ymax>
		</bndbox>
	</object>
</annotation>