<annotation>
	<folder>JPEGImages</folder>
	<filename>001887.jpg</filename>
	<path>/home/zbr/VOCdevkit/VOC2007/JPEGImages/001887.jpg</path>
	<source>
		<database>Unknown</database>
	</source>
	<size>
		<width>416</width>
		<height>416</height>
		<depth>3</depth>
	</size>
	<segmented>0</segmented>
	<object>
		<name>plastic-bag</name>
		<pose>Unspecified</pose>
		<truncated>0</truncated>
		<difficult>0</difficult>
		<bndbox>
			<xmin>80</xmin>
			<ymin>28</ymin>
			<xmax>105</xmax>
			<ymax>53</ymax>
		</bndbox>
	</object>
	<object>
		<name>plastic-garbage</name>
		<pose>Unspecified</pose>
		<truncated>0</truncated>
		<difficult>0</difficult>
		<bndbox>
			<xmin>156</xmin>
			<ymin>135</ymin>
			<xmax>172</xmax>
			<ymax>151</ymax>
		</bndbox>
	</object>
</annotation>