<annotation>
	<folder>JPEGImages</folder>
	<filename>001841.jpg</filename>
	<path>/home/zbr/VOCdevkit/VOC2007/JPEGImages/001841.jpg</path>
	<source>
		<database>Unknown</database>
	</source>
	<size>
		<width>416</width>
		<height>416</height>
		<depth>3</depth>
	</size>
	<segmented>0</segmented>
	<object>
		<name>plastic-garbage</name>
		<pose>Unspecified</pose>
		<truncated>0</truncated>
		<difficult>0</difficult>
		<bndbox>
			<xmin>159</xmin>
			<ymin>150</ymin>
			<xmax>178</xmax>
			<ymax>165</ymax>
		</bndbox>
	</object>
	<object>
		<name>plastic-garbage</name>
		<pose>Unspecified</pose>
		<truncated>0</truncated>
		<difficult>0</difficult>
		<bndbox>
			<xmin>91</xmin>
			<ymin>148</ymin>
			<xmax>107</xmax>
			<ymax>164</ymax>
		</bndbox>
	</object>
</annotation>