<annotation>
	<folder>JPEGImages</folder>
	<filename>001850.jpg</filename>
	<path>/home/zbr/VOCdevkit/VOC2007/JPEGImages/001850.jpg</path>
	<source>
		<database>Unknown</database>
	</source>
	<size>
		<width>416</width>
		<height>416</height>
		<depth>3</depth>
	</size>
	<segmented>0</segmented>
	<object>
		<name>bottle</name>
		<pose>Unspecified</pose>
		<truncated>0</truncated>
		<difficult>0</difficult>
		<bndbox>
			<xmin>117</xmin>
			<ymin>72</ymin>
			<xmax>157</xmax>
			<ymax>212</ymax>
		</bndbox>
	</object>
	<object>
		<name>bottle</name>
		<pose>Unspecified</pose>
		<truncated>0</truncated>
		<difficult>0</difficult>
		<bndbox>
			<xmin>65</xmin>
			<ymin>32</ymin>
			<xmax>110</xmax>
			<ymax>214</ymax>
		</bndbox>
	</object>
</annotation>