<annotation>
	<folder>JPEGImages</folder>
	<filename>001868.jpg</filename>
	<path>/home/zbr/VOCdevkit/VOC2007/JPEGImages/001868.jpg</path>
	<source>
		<database>Unknown</database>
	</source>
	<size>
		<width>416</width>
		<height>416</height>
		<depth>3</depth>
	</size>
	<segmented>0</segmented>
	<object>
		<name>branch</name>
		<pose>Unspecified</pose>
		<truncated>0</truncated>
		<difficult>0</difficult>
		<bndbox>
			<xmin>33</xmin>
			<ymin>86</ymin>
			<xmax>128</xmax>
			<ymax>140</ymax>
		</bndbox>
	</object>
	<object>
		<name>branch</name>
		<pose>Unspecified</pose>
		<truncated>0</truncated>
		<difficult>0</difficult>
		<bndbox>
			<xmin>57</xmin>
			<ymin>152</ymin>
			<xmax>105</xmax>
			<ymax>181</ymax>
		</bndbox>
	</object>
</annotation>