<annotation>
	<folder>JPEGImages</folder>
	<filename>001883.jpg</filename>
	<path>/home/zbr/VOCdevkit/VOC2007/JPEGImages/001883.jpg</path>
	<source>
		<database>Unknown</database>
	</source>
	<size>
		<width>416</width>
		<height>416</height>
		<depth>3</depth>
	</size>
	<segmented>0</segmented>
	<object>
		<name>bottle</name>
		<pose>Unspecified</pose>
		<truncated>0</truncated>
		<difficult>0</difficult>
		<bndbox>
			<xmin>40</xmin>
			<ymin>152</ymin>
			<xmax>67</xmax>
			<ymax>180</ymax>
		</bndbox>
	</object>
	<object>
		<name>bottle</name>
		<pose>Unspecified</pose>
		<truncated>0</truncated>
		<difficult>0</difficult>
		<bndbox>
			<xmin>101</xmin>
			<ymin>82</ymin>
			<xmax>163</xmax>
			<ymax>143</ymax>
		</bndbox>
	</object>
</annotation>