<annotation>
	<folder>JPEGImages</folder>
	<filename>001896.jpg</filename>
	<path>/home/zbr/VOCdevkit/VOC2007/JPEGImages/001896.jpg</path>
	<source>
		<database>Unknown</database>
	</source>
	<size>
		<width>416</width>
		<height>416</height>
		<depth>3</depth>
	</size>
	<segmented>0</segmented>
	<object>
		<name>plastic-bag</name>
		<pose>Unspecified</pose>
		<truncated>0</truncated>
		<difficult>0</difficult>
		<bndbox>
			<xmin>116</xmin>
			<ymin>136</ymin>
			<xmax>131</xmax>
			<ymax>155</ymax>
		</bndbox>
	</object>
</annotation>