<annotation>
	<folder>JPEGImages</folder>
	<filename>001854.jpg</filename>
	<path>/home/zbr/VOCdevkit/VOC2007/JPEGImages/001854.jpg</path>
	<source>
		<database>Unknown</database>
	</source>
	<size>
		<width>416</width>
		<height>416</height>
		<depth>3</depth>
	</size>
	<segmented>0</segmented>
	<object>
		<name>plastic-bag</name>
		<pose>Unspecified</pose>
		<truncated>1</truncated>
		<difficult>0</difficult>
		<bndbox>
			<xmin>0</xmin>
			<ymin>72</ymin>
			<xmax>47</xmax>
			<ymax>90</ymax>
		</bndbox>
	</object>
	<object>
		<name>plastic-garbage</name>
		<pose>Unspecified</pose>
		<truncated>0</truncated>
		<difficult>0</difficult>
		<bndbox>
			<xmin>160</xmin>
			<ymin>120</ymin>
			<xmax>210</xmax>
			<ymax>154</ymax>
		</bndbox>
	</object>
	<object>
		<name>plastic-bag</name>
		<pose>Unspecified</pose>
		<truncated>0</truncated>
		<difficult>0</difficult>
		<bndbox>
			<xmin>63</xmin>
			<ymin>119</ymin>
			<xmax>118</xmax>
			<ymax>144</ymax>
		</bndbox>
	</object>
	<object>
		<name>plastic-bag</name>
		<pose>Unspecified</pose>
		<truncated>0</truncated>
		<difficult>0</difficult>
		<bndbox>
			<xmin>46</xmin>
			<ymin>168</ymin>
			<xmax>106</xmax>
			<ymax>187</ymax>
		</bndbox>
	</object>
</annotation>