<annotation>
	<folder>JPEGImages</folder>
	<filename>001932.jpg</filename>
	<path>/home/zbr/VOCdevkit/VOC2007/JPEGImages/001932.jpg</path>
	<source>
		<database>Unknown</database>
	</source>
	<size>
		<width>416</width>
		<height>416</height>
		<depth>3</depth>
	</size>
	<segmented>0</segmented>
	<object>
		<name>plastic-bag</name>
		<pose>Unspecified</pose>
		<truncated>0</truncated>
		<difficult>0</difficult>
		<bndbox>
			<xmin>121</xmin>
			<ymin>169</ymin>
			<xmax>143</xmax>
			<ymax>193</ymax>
		</bndbox>
	</object>
	<object>
		<name>plastic-garbage</name>
		<pose>Unspecified</pose>
		<truncated>0</truncated>
		<difficult>0</difficult>
		<bndbox>
			<xmin>137</xmin>
			<ymin>199</ymin>
			<xmax>162</xmax>
			<ymax>220</ymax>
		</bndbox>
	</object>
</annotation>