<annotation>
	<folder>JPEGImages</folder>
	<filename>001921.jpg</filename>
	<path>/home/zbr/VOCdevkit/VOC2007/JPEGImages/001921.jpg</path>
	<source>
		<database>Unknown</database>
	</source>
	<size>
		<width>416</width>
		<height>416</height>
		<depth>3</depth>
	</size>
	<segmented>0</segmented>
	<object>
		<name>bottle</name>
		<pose>Unspecified</pose>
		<truncated>0</truncated>
		<difficult>0</difficult>
		<bndbox>
			<xmin>59</xmin>
			<ymin>106</ymin>
			<xmax>83</xmax>
			<ymax>153</ymax>
		</bndbox>
	</object>
	<object>
		<name>bottle</name>
		<pose>Unspecified</pose>
		<truncated>0</truncated>
		<difficult>0</difficult>
		<bndbox>
			<xmin>101</xmin>
			<ymin>87</ymin>
			<xmax>150</xmax>
			<ymax>122</ymax>
		</bndbox>
	</object>
	<object>
		<name>bottle</name>
		<pose>Unspecified</pose>
		<truncated>0</truncated>
		<difficult>0</difficult>
		<bndbox>
			<xmin>112</xmin>
			<ymin>144</ymin>
			<xmax>159</xmax>
			<ymax>207</ymax>
		</bndbox>
	</object>
</annotation>