<annotation>
	<folder>JPEGImages</folder>
	<filename>001908.jpg</filename>
	<path>/home/zbr/VOCdevkit/VOC2007/JPEGImages/001908.jpg</path>
	<source>
		<database>Unknown</database>
	</source>
	<size>
		<width>416</width>
		<height>416</height>
		<depth>3</depth>
	</size>
	<segmented>0</segmented>
	<object>
		<name>bottle</name>
		<pose>Unspecified</pose>
		<truncated>0</truncated>
		<difficult>0</difficult>
		<bndbox>
			<xmin>99</xmin>
			<ymin>33</ymin>
			<xmax>136</xmax>
			<ymax>62</ymax>
		</bndbox>
	</object>
	<object>
		<name>bottle</name>
		<pose>Unspecified</pose>
		<truncated>0</truncated>
		<difficult>0</difficult>
		<bndbox>
			<xmin>135</xmin>
			<ymin>57</ymin>
			<xmax>153</xmax>
			<ymax>80</ymax>
		</bndbox>
	</object>
</annotation>