<annotation>
	<folder>JPEGImages</folder>
	<filename>001927.jpg</filename>
	<path>/home/zbr/VOCdevkit/VOC2007/JPEGImages/001927.jpg</path>
	<source>
		<database>Unknown</database>
	</source>
	<size>
		<width>416</width>
		<height>416</height>
		<depth>3</depth>
	</size>
	<segmented>0</segmented>
	<object>
		<name>bottle</name>
		<pose>Unspecified</pose>
		<truncated>0</truncated>
		<difficult>0</difficult>
		<bndbox>
			<xmin>37</xmin>
			<ymin>10</ymin>
			<xmax>49</xmax>
			<ymax>26</ymax>
		</bndbox>
	</object>
	<object>
		<name>bottle</name>
		<pose>Unspecified</pose>
		<truncated>0</truncated>
		<difficult>0</difficult>
		<bndbox>
			<xmin>52</xmin>
			<ymin>19</ymin>
			<xmax>65</xmax>
			<ymax>35</ymax>
		</bndbox>
	</object>
	<object>
		<name>bottle</name>
		<pose>Unspecified</pose>
		<truncated>0</truncated>
		<difficult>0</difficult>
		<bndbox>
			<xmin>110</xmin>
			<ymin>103</ymin>
			<xmax>126</xmax>
			<ymax>124</ymax>
		</bndbox>
	</object>
	<object>
		<name>plastic-bag</name>
		<pose>Unspecified</pose>
		<truncated>0</truncated>
		<difficult>0</difficult>
		<bndbox>
			<xmin>80</xmin>
			<ymin>121</ymin>
			<xmax>97</xmax>
			<ymax>164</ymax>
		</bndbox>
	</object>
</annotation>