<annotation>
	<folder>JPEGImages</folder>
	<filename>002035.jpg</filename>
	<path>/home/zbr/VOCdevkit/VOC2007/JPEGImages/002035.jpg</path>
	<source>
		<database>Unknown</database>
	</source>
	<size>
		<width>416</width>
		<height>416</height>
		<depth>3</depth>
	</size>
	<segmented>0</segmented>
	<object>
		<name>bottle</name>
		<pose>Unspecified</pose>
		<truncated>0</truncated>
		<difficult>0</difficult>
		<bndbox>
			<xmin>146</xmin>
			<ymin>56</ymin>
			<xmax>158</xmax>
			<ymax>67</ymax>
		</bndbox>
	</object>
	<object>
		<name>bottle</name>
		<pose>Unspecified</pose>
		<truncated>0</truncated>
		<difficult>0</difficult>
		<bndbox>
			<xmin>61</xmin>
			<ymin>88</ymin>
			<xmax>70</xmax>
			<ymax>98</ymax>
		</bndbox>
	</object>
	<object>
		<name>plastic-garbage</name>
		<pose>Unspecified</pose>
		<truncated>0</truncated>
		<difficult>0</difficult>
		<bndbox>
			<xmin>104</xmin>
			<ymin>85</ymin>
			<xmax>126</xmax>
			<ymax>104</ymax>
		</bndbox>
	</object>
</annotation>