<annotation>
	<folder>JPEGImages</folder>
	<filename>002021.jpg</filename>
	<path>/home/zbr/VOCdevkit/VOC2007/JPEGImages/002021.jpg</path>
	<source>
		<database>Unknown</database>
	</source>
	<size>
		<width>416</width>
		<height>416</height>
		<depth>3</depth>
	</size>
	<segmented>0</segmented>
	<object>
		<name>bottle</name>
		<pose>Unspecified</pose>
		<truncated>0</truncated>
		<difficult>0</difficult>
		<bndbox>
			<xmin>194</xmin>
			<ymin>69</ymin>
			<xmax>215</xmax>
			<ymax>88</ymax>
		</bndbox>
	</object>
	<object>
		<name>bottle</name>
		<pose>Unspecified</pose>
		<truncated>1</truncated>
		<difficult>0</difficult>
		<bndbox>
			<xmin>213</xmin>
			<ymin>97</ymin>
			<xmax>224</xmax>
			<ymax>129</ymax>
		</bndbox>
	</object>
	<object>
		<name>bottle</name>
		<pose>Unspecified</pose>
		<truncated>0</truncated>
		<difficult>0</difficult>
		<bndbox>
			<xmin>91</xmin>
			<ymin>109</ymin>
			<xmax>107</xmax>
			<ymax>127</ymax>
		</bndbox>
	</object>
	<object>
		<name>bottle</name>
		<pose>Unspecified</pose>
		<truncated>0</truncated>
		<difficult>0</difficult>
		<bndbox>
			<xmin>95</xmin>
			<ymin>130</ymin>
			<xmax>115</xmax>
			<ymax>151</ymax>
		</bndbox>
	</object>
	<object>
		<name>plastic-bag</name>
		<pose>Unspecified</pose>
		<truncated>0</truncated>
		<difficult>0</difficult>
		<bndbox>
			<xmin>113</xmin>
			<ymin>71</ymin>
			<xmax>129</xmax>
			<ymax>103</ymax>
		</bndbox>
	</object>
	<object>
		<name>milk-box</name>
		<pose>Unspecified</pose>
		<truncated>0</truncated>
		<difficult>0</difficult>
		<bndbox>
			<xmin>109</xmin>
			<ymin>104</ymin>
			<xmax>123</xmax>
			<ymax>122</ymax>
		</bndbox>
	</object>
	<object>
		<name>milk-box</name>
		<pose>Unspecified</pose>
		<truncated>0</truncated>
		<difficult>0</difficult>
		<bndbox>
			<xmin>132</xmin>
			<ymin>94</ymin>
			<xmax>148</xmax>
			<ymax>118</ymax>
		</bndbox>
	</object>
</annotation>