<annotation>
	<folder>JPEGImages</folder>
	<filename>002023.jpg</filename>
	<path>/home/zbr/VOCdevkit/VOC2007/JPEGImages/002023.jpg</path>
	<source>
		<database>Unknown</database>
	</source>
	<size>
		<width>416</width>
		<height>416</height>
		<depth>3</depth>
	</size>
	<segmented>0</segmented>
	<object>
		<name>bottle</name>
		<pose>Unspecified</pose>
		<truncated>0</truncated>
		<difficult>0</difficult>
		<bndbox>
			<xmin>122</xmin>
			<ymin>103</ymin>
			<xmax>135</xmax>
			<ymax>117</ymax>
		</bndbox>
	</object>
	<object>
		<name>milk-box</name>
		<pose>Unspecified</pose>
		<truncated>0</truncated>
		<difficult>0</difficult>
		<bndbox>
			<xmin>107</xmin>
			<ymin>122</ymin>
			<xmax>119</xmax>
			<ymax>140</ymax>
		</bndbox>
	</object>
</annotation>