<annotation>
	<folder>JPEGImages</folder>
	<filename>002036.jpg</filename>
	<path>/home/zbr/VOCdevkit/VOC2007/JPEGImages/002036.jpg</path>
	<source>
		<database>Unknown</database>
	</source>
	<size>
		<width>416</width>
		<height>416</height>
		<depth>3</depth>
	</size>
	<segmented>0</segmented>
	<object>
		<name>bottle</name>
		<pose>Unspecified</pose>
		<truncated>0</truncated>
		<difficult>0</difficult>
		<bndbox>
			<xmin>110</xmin>
			<ymin>87</ymin>
			<xmax>129</xmax>
			<ymax>106</ymax>
		</bndbox>
	</object>
	<object>
		<name>bottle</name>
		<pose>Unspecified</pose>
		<truncated>0</truncated>
		<difficult>0</difficult>
		<bndbox>
			<xmin>176</xmin>
			<ymin>74</ymin>
			<xmax>193</xmax>
			<ymax>92</ymax>
		</bndbox>
	</object>
</annotation>