<annotation>
	<folder>JPEGImages</folder>
	<filename>002019.jpg</filename>
	<path>/home/zbr/VOCdevkit/VOC2007/JPEGImages/002019.jpg</path>
	<source>
		<database>Unknown</database>
	</source>
	<size>
		<width>416</width>
		<height>416</height>
		<depth>3</depth>
	</size>
	<segmented>0</segmented>
	<object>
		<name>plastic-garbage</name>
		<pose>Unspecified</pose>
		<truncated>0</truncated>
		<difficult>0</difficult>
		<bndbox>
			<xmin>112</xmin>
			<ymin>96</ymin>
			<xmax>130</xmax>
			<ymax>114</ymax>
		</bndbox>
	</object>
	<object>
		<name>bottle</name>
		<pose>Unspecified</pose>
		<truncated>0</truncated>
		<difficult>0</difficult>
		<bndbox>
			<xmin>145</xmin>
			<ymin>66</ymin>
			<xmax>155</xmax>
			<ymax>75</ymax>
		</bndbox>
	</object>
	<object>
		<name>bottle</name>
		<pose>Unspecified</pose>
		<truncated>0</truncated>
		<difficult>0</difficult>
		<bndbox>
			<xmin>64</xmin>
			<ymin>100</ymin>
			<xmax>75</xmax>
			<ymax>106</ymax>
		</bndbox>
	</object>
</annotation>