<annotation>
	<folder>JPEGImages</folder>
	<filename>002022.jpg</filename>
	<path>/home/zbr/VOCdevkit/VOC2007/JPEGImages/002022.jpg</path>
	<source>
		<database>Unknown</database>
	</source>
	<size>
		<width>416</width>
		<height>416</height>
		<depth>3</depth>
	</size>
	<segmented>0</segmented>
	<object>
		<name>bottle</name>
		<pose>Unspecified</pose>
		<truncated>0</truncated>
		<difficult>0</difficult>
		<bndbox>
			<xmin>105</xmin>
			<ymin>79</ymin>
			<xmax>115</xmax>
			<ymax>108</ymax>
		</bndbox>
	</object>
	<object>
		<name>bottle</name>
		<pose>Unspecified</pose>
		<truncated>0</truncated>
		<difficult>0</difficult>
		<bndbox>
			<xmin>120</xmin>
			<ymin>88</ymin>
			<xmax>148</xmax>
			<ymax>110</ymax>
		</bndbox>
	</object>
</annotation>