<annotation>
	<folder>JPEGImages</folder>
	<filename>002024.jpg</filename>
	<path>/home/zbr/VOCdevkit/VOC2007/JPEGImages/002024.jpg</path>
	<source>
		<database>Unknown</database>
	</source>
	<size>
		<width>416</width>
		<height>416</height>
		<depth>3</depth>
	</size>
	<segmented>0</segmented>
	<object>
		<name>bottle</name>
		<pose>Unspecified</pose>
		<truncated>0</truncated>
		<difficult>0</difficult>
		<bndbox>
			<xmin>81</xmin>
			<ymin>7</ymin>
			<xmax>93</xmax>
			<ymax>26</ymax>
		</bndbox>
	</object>
	<object>
		<name>bottle</name>
		<pose>Unspecified</pose>
		<truncated>0</truncated>
		<difficult>0</difficult>
		<bndbox>
			<xmin>80</xmin>
			<ymin>91</ymin>
			<xmax>92</xmax>
			<ymax>120</ymax>
		</bndbox>
	</object>
</annotation>