<annotation>
	<folder>JPEGImages</folder>
	<filename>002032.jpg</filename>
	<path>/home/zbr/VOCdevkit/VOC2007/JPEGImages/002032.jpg</path>
	<source>
		<database>Unknown</database>
	</source>
	<size>
		<width>416</width>
		<height>416</height>
		<depth>3</depth>
	</size>
	<segmented>0</segmented>
	<object>
		<name>bottle</name>
		<pose>Unspecified</pose>
		<truncated>0</truncated>
		<difficult>0</difficult>
		<bndbox>
			<xmin>134</xmin>
			<ymin>96</ymin>
			<xmax>147</xmax>
			<ymax>113</ymax>
		</bndbox>
	</object>
	<object>
		<name>milk-box</name>
		<pose>Unspecified</pose>
		<truncated>0</truncated>
		<difficult>0</difficult>
		<bndbox>
			<xmin>104</xmin>
			<ymin>146</ymin>
			<xmax>116</xmax>
			<ymax>161</ymax>
		</bndbox>
	</object>
</annotation>