<annotation>
	<folder>JPEGImages</folder>
	<filename>002195.jpg</filename>
	<path>/home/zbr/VOCdevkit/VOC2007/JPEGImages/002195.jpg</path>
	<source>
		<database>Unknown</database>
	</source>
	<size>
		<width>416</width>
		<height>416</height>
		<depth>3</depth>
	</size>
	<segmented>0</segmented>
	<object>
		<name>bottle</name>
		<pose>Unspecified</pose>
		<truncated>0</truncated>
		<difficult>0</difficult>
		<bndbox>
			<xmin>120</xmin>
			<ymin>115</ymin>
			<xmax>140</xmax>
			<ymax>144</ymax>
		</bndbox>
	</object>
</annotation>