<annotation>
	<folder>JPEGImages</folder>
	<filename>002180.jpg</filename>
	<path>/home/zbr/VOCdevkit/VOC2007/JPEGImages/002180.jpg</path>
	<source>
		<database>Unknown</database>
	</source>
	<size>
		<width>416</width>
		<height>416</height>
		<depth>3</depth>
	</size>
	<segmented>0</segmented>
	<object>
		<name>bottle</name>
		<pose>Unspecified</pose>
		<truncated>0</truncated>
		<difficult>0</difficult>
		<bndbox>
			<xmin>89</xmin>
			<ymin>106</ymin>
			<xmax>102</xmax>
			<ymax>128</ymax>
		</bndbox>
	</object>
	<object>
		<name>bottle</name>
		<pose>Unspecified</pose>
		<truncated>0</truncated>
		<difficult>0</difficult>
		<bndbox>
			<xmin>127</xmin>
			<ymin>92</ymin>
			<xmax>138</xmax>
			<ymax>110</ymax>
		</bndbox>
	</object>
</annotation>