<annotation>
	<folder>JPEGImages</folder>
	<filename>002183.jpg</filename>
	<path>/home/zbr/VOCdevkit/VOC2007/JPEGImages/002183.jpg</path>
	<source>
		<database>Unknown</database>
	</source>
	<size>
		<width>416</width>
		<height>416</height>
		<depth>3</depth>
	</size>
	<segmented>0</segmented>
	<object>
		<name>plastic-bag</name>
		<pose>Unspecified</pose>
		<truncated>0</truncated>
		<difficult>0</difficult>
		<bndbox>
			<xmin>108</xmin>
			<ymin>72</ymin>
			<xmax>126</xmax>
			<ymax>99</ymax>
		</bndbox>
	</object>
	<object>
		<name>bottle</name>
		<pose>Unspecified</pose>
		<truncated>0</truncated>
		<difficult>0</difficult>
		<bndbox>
			<xmin>52</xmin>
			<ymin>92</ymin>
			<xmax>63</xmax>
			<ymax>115</ymax>
		</bndbox>
	</object>
</annotation>