<annotation>
	<folder>JPEGImages</folder>
	<filename>002157.jpg</filename>
	<path>/home/zbr/VOCdevkit/VOC2007/JPEGImages/002157.jpg</path>
	<source>
		<database>Unknown</database>
	</source>
	<size>
		<width>416</width>
		<height>416</height>
		<depth>3</depth>
	</size>
	<segmented>0</segmented>
	<object>
		<name>bottle</name>
		<pose>Unspecified</pose>
		<truncated>0</truncated>
		<difficult>0</difficult>
		<bndbox>
			<xmin>72</xmin>
			<ymin>82</ymin>
			<xmax>92</xmax>
			<ymax>98</ymax>
		</bndbox>
	</object>
	<object>
		<name>bottle</name>
		<pose>Unspecified</pose>
		<truncated>0</truncated>
		<difficult>0</difficult>
		<bndbox>
			<xmin>84</xmin>
			<ymin>129</ymin>
			<xmax>104</xmax>
			<ymax>162</ymax>
		</bndbox>
	</object>
	<object>
		<name>bottle</name>
		<pose>Unspecified</pose>
		<truncated>0</truncated>
		<difficult>0</difficult>
		<bndbox>
			<xmin>121</xmin>
			<ymin>115</ymin>
			<xmax>138</xmax>
			<ymax>134</ymax>
		</bndbox>
	</object>
	<object>
		<name>bottle</name>
		<pose>Unspecified</pose>
		<truncated>0</truncated>
		<difficult>0</difficult>
		<bndbox>
			<xmin>141</xmin>
			<ymin>85</ymin>
			<xmax>158</xmax>
			<ymax>96</ymax>
		</bndbox>
	</object>
</annotation>