<annotation>
	<folder>JPEGImages</folder>
	<filename>002140.jpg</filename>
	<path>/home/zbr/VOCdevkit/VOC2007/JPEGImages/002140.jpg</path>
	<source>
		<database>Unknown</database>
	</source>
	<size>
		<width>416</width>
		<height>416</height>
		<depth>3</depth>
	</size>
	<segmented>0</segmented>
	<object>
		<name>bottle</name>
		<pose>Unspecified</pose>
		<truncated>0</truncated>
		<difficult>0</difficult>
		<bndbox>
			<xmin>129</xmin>
			<ymin>38</ymin>
			<xmax>143</xmax>
			<ymax>63</ymax>
		</bndbox>
	</object>
	<object>
		<name>bottle</name>
		<pose>Unspecified</pose>
		<truncated>0</truncated>
		<difficult>0</difficult>
		<bndbox>
			<xmin>151</xmin>
			<ymin>36</ymin>
			<xmax>161</xmax>
			<ymax>61</ymax>
		</bndbox>
	</object>
	<object>
		<name>bottle</name>
		<pose>Unspecified</pose>
		<truncated>0</truncated>
		<difficult>0</difficult>
		<bndbox>
			<xmin>186</xmin>
			<ymin>32</ymin>
			<xmax>206</xmax>
			<ymax>47</ymax>
		</bndbox>
	</object>
	<object>
		<name>milk-box</name>
		<pose>Unspecified</pose>
		<truncated>0</truncated>
		<difficult>0</difficult>
		<bndbox>
			<xmin>76</xmin>
			<ymin>107</ymin>
			<xmax>93</xmax>
			<ymax>131</ymax>
		</bndbox>
	</object>
</annotation>