<annotation>
	<folder>JPEGImages</folder>
	<filename>002220.jpg</filename>
	<path>/home/zbr/VOCdevkit/VOC2007/JPEGImages/002220.jpg</path>
	<source>
		<database>Unknown</database>
	</source>
	<size>
		<width>416</width>
		<height>416</height>
		<depth>3</depth>
	</size>
	<segmented>0</segmented>
	<object>
		<name>bottle</name>
		<pose>Unspecified</pose>
		<truncated>0</truncated>
		<difficult>0</difficult>
		<bndbox>
			<xmin>107</xmin>
			<ymin>92</ymin>
			<xmax>127</xmax>
			<ymax>108</ymax>
		</bndbox>
	</object>
	<object>
		<name>bottle</name>
		<pose>Unspecified</pose>
		<truncated>0</truncated>
		<difficult>0</difficult>
		<bndbox>
			<xmin>168</xmin>
			<ymin>91</ymin>
			<xmax>179</xmax>
			<ymax>108</ymax>
		</bndbox>
	</object>
	<object>
		<name>bottle</name>
		<pose>Unspecified</pose>
		<truncated>0</truncated>
		<difficult>0</difficult>
		<bndbox>
			<xmin>140</xmin>
			<ymin>116</ymin>
			<xmax>157</xmax>
			<ymax>133</ymax>
		</bndbox>
	</object>
	<object>
		<name>bottle</name>
		<pose>Unspecified</pose>
		<truncated>0</truncated>
		<difficult>0</difficult>
		<bndbox>
			<xmin>26</xmin>
			<ymin>132</ymin>
			<xmax>57</xmax>
			<ymax>159</ymax>
		</bndbox>
	</object>
</annotation>