<annotation>
	<folder>JPEGImages</folder>
	<filename>002233.jpg</filename>
	<path>/home/zbr/VOCdevkit/VOC2007/JPEGImages/002233.jpg</path>
	<source>
		<database>Unknown</database>
	</source>
	<size>
		<width>416</width>
		<height>416</height>
		<depth>3</depth>
	</size>
	<segmented>0</segmented>
	<object>
		<name>bottle</name>
		<pose>Unspecified</pose>
		<truncated>0</truncated>
		<difficult>0</difficult>
		<bndbox>
			<xmin>115</xmin>
			<ymin>131</ymin>
			<xmax>123</xmax>
			<ymax>150</ymax>
		</bndbox>
	</object>
	<object>
		<name>bottle</name>
		<pose>Unspecified</pose>
		<truncated>0</truncated>
		<difficult>0</difficult>
		<bndbox>
			<xmin>97</xmin>
			<ymin>72</ymin>
			<xmax>108</xmax>
			<ymax>86</ymax>
		</bndbox>
	</object>
	<object>
		<name>plastic-garbage</name>
		<pose>Unspecified</pose>
		<truncated>0</truncated>
		<difficult>0</difficult>
		<bndbox>
			<xmin>38</xmin>
			<ymin>83</ymin>
			<xmax>55</xmax>
			<ymax>103</ymax>
		</bndbox>
	</object>
</annotation>