<annotation>
	<folder>JPEGImages</folder>
	<filename>002224.jpg</filename>
	<path>/home/zbr/VOCdevkit/VOC2007/JPEGImages/002224.jpg</path>
	<source>
		<database>Unknown</database>
	</source>
	<size>
		<width>416</width>
		<height>416</height>
		<depth>3</depth>
	</size>
	<segmented>0</segmented>
	<object>
		<name>bottle</name>
		<pose>Unspecified</pose>
		<truncated>0</truncated>
		<difficult>0</difficult>
		<bndbox>
			<xmin>107</xmin>
			<ymin>128</ymin>
			<xmax>115</xmax>
			<ymax>147</ymax>
		</bndbox>
	</object>
	<object>
		<name>bottle</name>
		<pose>Unspecified</pose>
		<truncated>0</truncated>
		<difficult>0</difficult>
		<bndbox>
			<xmin>84</xmin>
			<ymin>68</ymin>
			<xmax>95</xmax>
			<ymax>80</ymax>
		</bndbox>
	</object>
	<object>
		<name>plastic-garbage</name>
		<pose>Unspecified</pose>
		<truncated>0</truncated>
		<difficult>0</difficult>
		<bndbox>
			<xmin>23</xmin>
			<ymin>84</ymin>
			<xmax>42</xmax>
			<ymax>105</ymax>
		</bndbox>
	</object>
</annotation>