<annotation>
	<folder>JPEGImages</folder>
	<filename>002230.jpg</filename>
	<path>/home/zbr/VOCdevkit/VOC2007/JPEGImages/002230.jpg</path>
	<source>
		<database>Unknown</database>
	</source>
	<size>
		<width>416</width>
		<height>416</height>
		<depth>3</depth>
	</size>
	<segmented>0</segmented>
	<object>
		<name>bottle</name>
		<pose>Unspecified</pose>
		<truncated>0</truncated>
		<difficult>0</difficult>
		<bndbox>
			<xmin>159</xmin>
			<ymin>112</ymin>
			<xmax>172</xmax>
			<ymax>132</ymax>
		</bndbox>
	</object>
	<object>
		<name>bottle</name>
		<pose>Unspecified</pose>
		<truncated>0</truncated>
		<difficult>0</difficult>
		<bndbox>
			<xmin>199</xmin>
			<ymin>133</ymin>
			<xmax>219</xmax>
			<ymax>158</ymax>
		</bndbox>
	</object>
	<object>
		<name>milk-box</name>
		<pose>Unspecified</pose>
		<truncated>0</truncated>
		<difficult>0</difficult>
		<bndbox>
			<xmin>75</xmin>
			<ymin>156</ymin>
			<xmax>89</xmax>
			<ymax>176</ymax>
		</bndbox>
	</object>
</annotation>