<annotation>
	<folder>JPEGImages</folder>
	<filename>002352.jpg</filename>
	<path>/home/zbr/VOCdevkit/VOC2007/JPEGImages/002352.jpg</path>
	<source>
		<database>Unknown</database>
	</source>
	<size>
		<width>416</width>
		<height>416</height>
		<depth>3</depth>
	</size>
	<segmented>0</segmented>
	<object>
		<name>bottle</name>
		<pose>Unspecified</pose>
		<truncated>0</truncated>
		<difficult>0</difficult>
		<bndbox>
			<xmin>123</xmin>
			<ymin>133</ymin>
			<xmax>147</xmax>
			<ymax>152</ymax>
		</bndbox>
	</object>
	<object>
		<name>bottle</name>
		<pose>Unspecified</pose>
		<truncated>0</truncated>
		<difficult>0</difficult>
		<bndbox>
			<xmin>99</xmin>
			<ymin>133</ymin>
			<xmax>113</xmax>
			<ymax>164</ymax>
		</bndbox>
	</object>
	<object>
		<name>bottle</name>
		<pose>Unspecified</pose>
		<truncated>0</truncated>
		<difficult>0</difficult>
		<bndbox>
			<xmin>72</xmin>
			<ymin>122</ymin>
			<xmax>94</xmax>
			<ymax>138</ymax>
		</bndbox>
	</object>
</annotation>