<annotation>
	<folder>JPEGImages</folder>
	<filename>002397.jpg</filename>
	<path>/home/zbr/VOCdevkit/VOC2007/JPEGImages/002397.jpg</path>
	<source>
		<database>Unknown</database>
	</source>
	<size>
		<width>416</width>
		<height>416</height>
		<depth>3</depth>
	</size>
	<segmented>0</segmented>
	<object>
		<name>bottle</name>
		<pose>Unspecified</pose>
		<truncated>0</truncated>
		<difficult>0</difficult>
		<bndbox>
			<xmin>93</xmin>
			<ymin>126</ymin>
			<xmax>114</xmax>
			<ymax>147</ymax>
		</bndbox>
	</object>
	<object>
		<name>bottle</name>
		<pose>Unspecified</pose>
		<truncated>0</truncated>
		<difficult>0</difficult>
		<bndbox>
			<xmin>113</xmin>
			<ymin>137</ymin>
			<xmax>128</xmax>
			<ymax>170</ymax>
		</bndbox>
	</object>
	<object>
		<name>plastic-bag</name>
		<pose>Unspecified</pose>
		<truncated>0</truncated>
		<difficult>0</difficult>
		<bndbox>
			<xmin>171</xmin>
			<ymin>135</ymin>
			<xmax>221</xmax>
			<ymax>187</ymax>
		</bndbox>
	</object>
</annotation>