<annotation>
	<folder>JPEGImages</folder>
	<filename>002343.jpg</filename>
	<path>/home/zbr/VOCdevkit/VOC2007/JPEGImages/002343.jpg</path>
	<source>
		<database>Unknown</database>
	</source>
	<size>
		<width>416</width>
		<height>416</height>
		<depth>3</depth>
	</size>
	<segmented>0</segmented>
	<object>
		<name>bottle</name>
		<pose>Unspecified</pose>
		<truncated>0</truncated>
		<difficult>0</difficult>
		<bndbox>
			<xmin>31</xmin>
			<ymin>124</ymin>
			<xmax>45</xmax>
			<ymax>166</ymax>
		</bndbox>
	</object>
	<object>
		<name>bottle</name>
		<pose>Unspecified</pose>
		<truncated>0</truncated>
		<difficult>0</difficult>
		<bndbox>
			<xmin>84</xmin>
			<ymin>84</ymin>
			<xmax>102</xmax>
			<ymax>96</ymax>
		</bndbox>
	</object>
	<object>
		<name>bottle</name>
		<pose>Unspecified</pose>
		<truncated>0</truncated>
		<difficult>0</difficult>
		<bndbox>
			<xmin>148</xmin>
			<ymin>124</ymin>
			<xmax>165</xmax>
			<ymax>144</ymax>
		</bndbox>
	</object>
</annotation>