<annotation>
	<folder>JPEGImages</folder>
	<filename>002342.jpg</filename>
	<path>/home/zbr/VOCdevkit/VOC2007/JPEGImages/002342.jpg</path>
	<source>
		<database>Unknown</database>
	</source>
	<size>
		<width>416</width>
		<height>416</height>
		<depth>3</depth>
	</size>
	<segmented>0</segmented>
	<object>
		<name>bottle</name>
		<pose>Unspecified</pose>
		<truncated>0</truncated>
		<difficult>0</difficult>
		<bndbox>
			<xmin>5</xmin>
			<ymin>74</ymin>
			<xmax>26</xmax>
			<ymax>92</ymax>
		</bndbox>
	</object>
	<object>
		<name>plastic-bag</name>
		<pose>Unspecified</pose>
		<truncated>0</truncated>
		<difficult>0</difficult>
		<bndbox>
			<xmin>110</xmin>
			<ymin>110</ymin>
			<xmax>143</xmax>
			<ymax>156</ymax>
		</bndbox>
	</object>
</annotation>