<annotation>
	<folder>JPEGImages</folder>
	<filename>002383.jpg</filename>
	<path>/home/zbr/VOCdevkit/VOC2007/JPEGImages/002383.jpg</path>
	<source>
		<database>Unknown</database>
	</source>
	<size>
		<width>416</width>
		<height>416</height>
		<depth>3</depth>
	</size>
	<segmented>0</segmented>
	<object>
		<name>bottle</name>
		<pose>Unspecified</pose>
		<truncated>0</truncated>
		<difficult>0</difficult>
		<bndbox>
			<xmin>117</xmin>
			<ymin>126</ymin>
			<xmax>146</xmax>
			<ymax>147</ymax>
		</bndbox>
	</object>
	<object>
		<name>bottle</name>
		<pose>Unspecified</pose>
		<truncated>0</truncated>
		<difficult>0</difficult>
		<bndbox>
			<xmin>88</xmin>
			<ymin>137</ymin>
			<xmax>115</xmax>
			<ymax>164</ymax>
		</bndbox>
	</object>
	<object>
		<name>bottle</name>
		<pose>Unspecified</pose>
		<truncated>0</truncated>
		<difficult>0</difficult>
		<bndbox>
			<xmin>78</xmin>
			<ymin>90</ymin>
			<xmax>93</xmax>
			<ymax>108</ymax>
		</bndbox>
	</object>
</annotation>