<annotation>
	<folder>JPEGImages</folder>
	<filename>002395.jpg</filename>
	<path>/home/zbr/VOCdevkit/VOC2007/JPEGImages/002395.jpg</path>
	<source>
		<database>Unknown</database>
	</source>
	<size>
		<width>416</width>
		<height>416</height>
		<depth>3</depth>
	</size>
	<segmented>0</segmented>
	<object>
		<name>bottle</name>
		<pose>Unspecified</pose>
		<truncated>0</truncated>
		<difficult>0</difficult>
		<bndbox>
			<xmin>143</xmin>
			<ymin>91</ymin>
			<xmax>174</xmax>
			<ymax>116</ymax>
		</bndbox>
	</object>
	<object>
		<name>bottle</name>
		<pose>Unspecified</pose>
		<truncated>0</truncated>
		<difficult>0</difficult>
		<bndbox>
			<xmin>68</xmin>
			<ymin>112</ymin>
			<xmax>92</xmax>
			<ymax>145</ymax>
		</bndbox>
	</object>
	<object>
		<name>bottle</name>
		<pose>Unspecified</pose>
		<truncated>0</truncated>
		<difficult>0</difficult>
		<bndbox>
			<xmin>88</xmin>
			<ymin>73</ymin>
			<xmax>104</xmax>
			<ymax>92</ymax>
		</bndbox>
	</object>
</annotation>