<annotation>
	<folder>JPEGImages</folder>
	<filename>002346.jpg</filename>
	<path>/home/zbr/VOCdevkit/VOC2007/JPEGImages/002346.jpg</path>
	<source>
		<database>Unknown</database>
	</source>
	<size>
		<width>416</width>
		<height>416</height>
		<depth>3</depth>
	</size>
	<segmented>0</segmented>
	<object>
		<name>bottle</name>
		<pose>Unspecified</pose>
		<truncated>0</truncated>
		<difficult>0</difficult>
		<bndbox>
			<xmin>74</xmin>
			<ymin>82</ymin>
			<xmax>90</xmax>
			<ymax>98</ymax>
		</bndbox>
	</object>
	<object>
		<name>bottle</name>
		<pose>Unspecified</pose>
		<truncated>0</truncated>
		<difficult>0</difficult>
		<bndbox>
			<xmin>51</xmin>
			<ymin>66</ymin>
			<xmax>63</xmax>
			<ymax>84</ymax>
		</bndbox>
	</object>
</annotation>