<annotation>
	<folder>JPEGImages</folder>
	<filename>002381.jpg</filename>
	<path>/home/zbr/VOCdevkit/VOC2007/JPEGImages/002381.jpg</path>
	<source>
		<database>Unknown</database>
	</source>
	<size>
		<width>416</width>
		<height>416</height>
		<depth>3</depth>
	</size>
	<segmented>0</segmented>
	<object>
		<name>bottle</name>
		<pose>Unspecified</pose>
		<truncated>0</truncated>
		<difficult>0</difficult>
		<bndbox>
			<xmin>61</xmin>
			<ymin>112</ymin>
			<xmax>81</xmax>
			<ymax>125</ymax>
		</bndbox>
	</object>
	<object>
		<name>bottle</name>
		<pose>Unspecified</pose>
		<truncated>0</truncated>
		<difficult>0</difficult>
		<bndbox>
			<xmin>105</xmin>
			<ymin>125</ymin>
			<xmax>124</xmax>
			<ymax>143</ymax>
		</bndbox>
	</object>
	<object>
		<name>bottle</name>
		<pose>Unspecified</pose>
		<truncated>0</truncated>
		<difficult>0</difficult>
		<bndbox>
			<xmin>70</xmin>
			<ymin>147</ymin>
			<xmax>84</xmax>
			<ymax>180</ymax>
		</bndbox>
	</object>
</annotation>