<annotation>
	<folder>JPEGImages</folder>
	<filename>002340.jpg</filename>
	<path>/home/zbr/VOCdevkit/VOC2007/JPEGImages/002340.jpg</path>
	<source>
		<database>Unknown</database>
	</source>
	<size>
		<width>416</width>
		<height>416</height>
		<depth>3</depth>
	</size>
	<segmented>0</segmented>
	<object>
		<name>bottle</name>
		<pose>Unspecified</pose>
		<truncated>0</truncated>
		<difficult>0</difficult>
		<bndbox>
			<xmin>115</xmin>
			<ymin>111</ymin>
			<xmax>134</xmax>
			<ymax>148</ymax>
		</bndbox>
	</object>
</annotation>