<annotation>
	<folder>JPEGImages</folder>
	<filename>002396.jpg</filename>
	<path>/home/zbr/VOCdevkit/VOC2007/JPEGImages/002396.jpg</path>
	<source>
		<database>Unknown</database>
	</source>
	<size>
		<width>416</width>
		<height>416</height>
		<depth>3</depth>
	</size>
	<segmented>0</segmented>
	<object>
		<name>bottle</name>
		<pose>Unspecified</pose>
		<truncated>0</truncated>
		<difficult>0</difficult>
		<bndbox>
			<xmin>81</xmin>
			<ymin>120</ymin>
			<xmax>96</xmax>
			<ymax>154</ymax>
		</bndbox>
	</object>
	<object>
		<name>bottle</name>
		<pose>Unspecified</pose>
		<truncated>0</truncated>
		<difficult>0</difficult>
		<bndbox>
			<xmin>116</xmin>
			<ymin>126</ymin>
			<xmax>143</xmax>
			<ymax>146</ymax>
		</bndbox>
	</object>
</annotation>